Checking for deprecated package usage... OK
Checking for remote package usage... OK
Checking for 'LazyData: true' usage...
'LazyData:' in the 'DESCRIPTION' should be set to false or removed
Checking version number... OK
Checking version number validity... OK
Checking R version dependency...
Update R version dependency from 4.1.0 to 4.4.0.
Checking package size... OK
Checking individual file sizes... OK
Checking biocViews... OK
Checking that biocViews are present... OK
Checking package type based on biocViews... OK
Checking for non-trivial biocViews... OK
Checking that biocViews come from the same category... OK
Checking biocViews validity... OK
Checking for recommended biocViews...
Consider adding these automatically suggested biocViews: GeneRegulation
Checking build system compatibility... OK
Checking for proper Description: field... OK
Checking if DESCRIPTION is well formatted... OK
Checking for whitespace in DESCRIPTION field names... OK
Checking that Package field matches directory/tarball name... OK
Checking for Version: field... OK
Checking for valid maintainer... OK
Checking License: for restrictive use... OK
Checking for recommended DESCRIPTION fields... OK
Checking for Bioconductor software dependencies... OK
Checking for pinned package versions in DESCRIPTION... OK
Checking .Rbuildignore... OK
Checking for stray BiocCheck output folders... OK
Checking for inst/doc folders... OK
Checking vignette directory... OK
Checking package installation calls in R code... OK
Checking for library/require of epiSeeker... OK
Checking coding practice...
 Avoid sapply(); use vapply()
Found in files:
R/enrichOverlap.R (line 221, column 18)
R/GEO.R (line 273, column 24)
R/GEO.R (line 275, column 28)
R/plotCov.R (line 385, column 9)
R/utilities.R (line 188, column 20)
R/utilities.R (line 283, column 22)
R/utilities.R (line 304, column 22)
R/utilities.R (line 496, column 27)
 Avoid 1:...; use seq_len() or seq_along()
Found in files:
annotateSeq.R (line 175, column 38)
annotateSeq.R (line 225, column 40)
csAnno.R (line 156, column 14)
csAnno.R (line 167, column 15)
enrichOverlap.R (line 144, column 28)
enrichOverlap.R (line 221, column 25)
enrichOverlap.R (line 241, column 19)
GEO.R (line 230, column 22)
GEO.R (line 249, column 14)
getGenomicAnnotation.R (line 113, column 27)
getGenomicAnnotation.R (line 114, column 27)
getGenomicAnnotation.R (line 187, column 18)
makeBmData.R (line 126, column 48)
makeBmData.R (line 181, column 37)
makeBmData.R (line 185, column 12)
makeBmData.R (line 213, column 44)
makeBmData.R (line 214, column 44)
makeBmData.R (line 221, column 12)
makeBmData.R (line 226, column 55)
makeBmData.R (line 227, column 55)
makeBmData.R (line 330, column 42)
makeBmData.R (line 350, column 40)
makeBmData.R (line 383, column 40)
makeBmData.R (line 396, column 38)
plotBmProf.R (line 450, column 84)
plotBmProf.R (line 451, column 89)
plotCov.R (line 392, column 19)
plotDistToTSS.R (line 47, column 24)
tagMatrix.R (line 504, column 21)
tagMatrix.R (line 812, column 23)
upsetplot.R (line 20, column 41)
utilities.R (line 79, column 10)
utilities.R (line 88, column 11)
utilities.R (line 1164, column 34)
utilities.R (line 1185, column 36)
 Avoid 'cat' and 'print' outside of 'show' methods
Found in files:
cat() in R/annotateSeq.R (line 116, column 9)
cat() in R/annotateSeq.R (line 131, column 9)
cat() in R/annotateSeq.R (line 141, column 9)
cat() in R/annotateSeq.R (line 152, column 13)
cat() in R/annotateSeq.R (line 218, column 13)
cat() in R/annotateSeq.R (line 244, column 13)
cat() in R/annotateSeq.R (line 264, column 13)
cat() in R/annotateSeq.R (line 271, column 9)
cat() in R/enrichOverlap.R (line 237, column 9)
cat() in R/GEO.R (line 313, column 9)
cat() in R/getMotifMatrix.R (line 86, column 9)
cat() in R/plotBmProf.R (line 406, column 5)
cat() in R/plotBmProf.R (line 411, column 5)
cat() in R/plotCov.R (line 266, column 13)
cat() in R/plotGeneTrack.R (line 102, column 13)
cat() in R/tagMatrix.R (line 251, column 9)
cat() in R/tagMatrix.R (line 422, column 5)
cat() in R/tagMatrix.R (line 472, column 3)
cat() in R/utilities.R (line 186, column 5)
cat() in R/utilities.R (line 397, column 13)
cat() in R/utilities.R (line 649, column 21)
 Avoid using '=' for assignment and use '<-' instead
Found in files:
R/dplyr-verb.R (line 20, column 8)
R/dplyr-verb.R (line 51, column 8)
R/dplyr-verb.R (line 52, column 6)
R/dplyr-verb.R (line 59, column 8)
R/dplyr-verb.R (line 62, column 8)
R/dplyr-verb.R (line 65, column 8)
R/dplyr-verb.R (line 111, column 8)
R/GEO.R (line 250, column 21)
R/GEO.R (line 332, column 12)
R/getFlankingGene.R (line 10, column 28)
R/getFlankingGene.R (line 11, column 26)
R/getFlankingGene.R (line 17, column 22)
R/getGenomicAnnotation.R (line 206, column 51)
R/makeBmData.R (line 326, column 10)
R/makeBmData.R (line 346, column 8)
R/makeBmData.R (line 353, column 18)
R/makeBmData.R (line 379, column 9)
R/makeBmData.R (line 392, column 7)
R/makeBmData.R (line 399, column 17)
R/plotAnno.R (line 106, column 15)
R/plotCov.R (line 161, column 22)
R/plotCov.R (line 163, column 22)
R/plotDistToTSS.R (line 1, column 14)
R/plotDistToTSS.R (line 9, column 20)
R/plotDistToTSS.R (line 10, column 7)
R/plotDistToTSS.R (line 13, column 16)
R/plotDistToTSS.R (line 14, column 16)
R/plotDistToTSS.R (line 19, column 11)
R/plotDistToTSS.R (line 21, column 11)
R/plotDistToTSS.R (line 28, column 17)
R/plotDistToTSS.R (line 30, column 13)
R/plotDistToTSS.R (line 32, column 17)
R/plotDistToTSS.R (line 34, column 17)
R/plotDistToTSS.R (line 39, column 17)
R/plotDistToTSS.R (line 43, column 17)
R/plotDistToTSS.R (line 47, column 10)
R/plotDistToTSS.R (line 49, column 10)
R/plotDistToTSS.R (line 55, column 18)
R/plotDistToTSS.R (line 59, column 16)
R/plotDistToTSS.R (line 112, column 20)
R/plotDistToTSS.R (line 113, column 13)
R/plotDistToTSS.R (line 114, column 34)
R/plotDistToTSS.R (line 115, column 12)
R/plotDistToTSS.R (line 116, column 33)
R/plotDistToTSS.R (line 117, column 9)
R/plotDistToTSS.R (line 118, column 22)
R/plotDistToTSS.R (line 128, column 16)
R/plotDistToTSS.R (line 132, column 16)
R/plotDistToTSS.R (line 161, column 8)
R/plotDistToTSS.R (line 162, column 11)
R/plotDistToTSS.R (line 163, column 8)
R/plotDistToTSS.R (line 164, column 11)
R/readPeakFile.R (line 26, column 12)
R/utilities.R (line 352, column 20)
R/utilities.R (line 359, column 28)
R/utilities.R (line 370, column 18)
R/utilities.R (line 379, column 7)
R/utilities.R (line 543, column 14)
R/utilities.R (line 544, column 18)
Checking parsed R code in R directory, examples, vignettes...
Use accessors; don't access S4 class slots via '@' in examples/vignettes.
Avoid 'suppressWarnings'/'*Messages' if possible (found 5 times)
suppressWarnings() in R/addGeneAnno.R (line 31, column 9)
suppressMessages() in R/plotBmProf.R (line 553, column 13)
suppressMessages() in R/plotBmProf.R (line 568, column 9)
suppressMessages() in R/plotGeneTrack.R (line 51, column 18)
suppressMessages() in R/utilities.R (line 437, column 25)
Checking function lengths...
The recommended function length is 50 lines or less. There are 45 functions greater than 50 lines.
The longest 5 functions are:
plotBmProf.internal() (R/plotBmProf.R): 394 lines
plotCov() (R/plotCov.R): 287 lines
plotBmProf() (R/plotBmProf.R): 247 lines
annotateSeq() (R/annotateSeq.R): 235 lines
getGenomicAnnotation() (R/getGenomicAnnotation.R): 185 lines
Checking man page documentation...
Consider adding runnable examples to man pages that document exported objects.
getPromoters.Rd
getSampleFiles.Rd
grange2mt.Rd
makeBmDataFromData-methods.Rd
makeBmDataFromFiles.Rd
overlap.Rd
parse_peak.Rd
plotAnnoPie-methods.Rd
Checking package NEWS... OK
Checking unit tests... OK
Checking skip_on_bioc() in tests... OK
Checking formatting of DESCRIPTION, NAMESPACE, man pages, R source, and vignette source...
Consider shorter lines; 576 lines (6%) are > 80 characters long.
First few lines:
R/addGeneAnno.R#L24         message("geneID type is not supp ...
R/AllGenerics.R#L96 #' bmMatrix <- getBmMatrix(region = data ...
R/annotateSeq.R#L14 #' @param sameStrand logical, whether fi ...
R/annotateSeq.R#L16 #' @param ignoreUpstream logical, if Tru ...
R/annotateSeq.R#L17 #' @param ignoreDownstream logical, if T ...
R/annotateSeq.R#L18 #' @param overlap one of 'TSS' or 'all', ...
R/annotateSeq.R#L58 #' @seealso \code{\link{plotAnnoBar}} \c ...
R/annotateSeq.R#L66                         genomicAnnotatio ...
R/annotateSeq.R#L76                         columns=c("ENTRE ...
R/annotateSeq.R#L87         message("#..\tlevel, assignGenom ...
R/annotateSeq.R#L89         message("#\n#.. Some plotting fu ...
R/annotateSeq.R#L99     if (assignGenomicAnnotation && all(g ...
R/annotateSeq.R#L100         stop('genomicAnnotationPriority  ...
R/annotateSeq.R#L137                                          ...
R/annotateSeq.R#L155         anno <- getGenomicAnnotation(pea ...
R/annotateSeq.R#L175         colnames(nearestFeatures.df)[1:5 ...
R/annotateSeq.R#L211         mcols(peak.gr)[[cn]][has_nearest ...
R/annotateSeq.R#L251             mcols(peak.gr)[["flank_txIds ...
R/annotateSeq.R#L257         mcols(peak.gr)[["flank_geneIds"] ...
R/annotateSeq.R#L258         mcols(peak.gr)[["flank_gene_dist ...
R/annotateSeq.R#L314     idx <- which(abs(mcols(csAnno@anno)[ ...
R/bmData-class.R#L28 #' @param valueNames the name of value1  ...
R/bmData-class.R#L92     warning("There are duplicated locis, ...
R/bmData-class.R#L103     # # Collapse duplicate loci -------- ...
R/bmData-class.R#L170 #' @param region base modification regio ...
R/bmData-class.R#L175 #' @param position_bias 1-base bias. e.g ...
R/BSseq-class.R#L6 #' @param region base modification regio ...
R/BSseq-class.R#L11 #' @param position_bias 1-base bias. e.g ...
R/csAnno.R#L96     if(sum(vapply(z, function(x) !is(x,  ...
R/csAnno.R#L107         stop("the tss regions of differe ...
R/csAnno.R#L127     combine_detailGenomicAnnotation <- l ...
R/csAnno.R#L128     combine_detailGenomicAnnotation <- d ...
R/csAnno.R#L164     combine_annoStat$sum <- rowSums(comb ...
R/csAnno.R#L171     annoStat_result <- data.frame(Featur ...
R/csAnno.R#L303                   warning("input is not  ...
R/csAnno.R#L328 #' @usage plotAnnoBar(x, xlab="", ylab=' ...
R/csAnno.R#L373               plotAnnoPie.csAnno(x, ndig ...
R/csAnno.R#L388                                      tit ...
R/csAnno.R#L393                   warning("input is not  ...
R/csAnno.R#L402               plotDistToTSS.data.frame(p ...
R/csAnno.R#L403                                        d ...
R/csAnno.R#L404                                        x ...
R/csAnno.R#L416 #' @param distanceBreaks breaks of dista ...
R/csAnno.R#L417 #' @param palette palette name for color ...
R/csAnno.R#L427 #' title="Distribution of transcription  ...
R/csAnno.R#L432                                      tit ...
R/csAnno.R#L433                                      dis ...
R/csAnno.R#L437               plotDistToTSS.data.frame(p ...
R/csAnno.R#L438                                        x ...
R/dplyr-verb.R#L5 #' @param .by Optional grouping variable ...
R/dplyr-verb.R#L7 #' @param .preserve Logical value indica ...
R/dplyr-verb.R#L8 #'   structure when .by is specified. If ...
R/dplyr-verb.R#L9 #' @return A filtered GRanges object con ...
R/dplyr-verb.R#L31 #' @param .by Optional grouping variable ...
R/dplyr-verb.R#L33 #' @param .keep Character vector specify ...
R/dplyr-verb.R#L34 #'   "all" (retain all columns, default) ...
R/dplyr-verb.R#L35 #'   "unused" (retain only columns not u ...
R/dplyr-verb.R#L36 #' @param .before Column name or positio ...
R/dplyr-verb.R#L37 #' @param .after Column name or position ...
R/dplyr-verb.R#L101 #' @param .by_group If TRUE, will sort f ...
R/enrichOverlap.R#L1 #' calcuate overlap significant of ChIP  ...
R/enrichOverlap.R#L10 #' @param distanceToTSS_cutoff restrict  ...
R/enrichOverlap.R#L23 enrichAnnoOverlap <- function(queryPeak, ...
R/enrichOverlap.R#L27                                assignGen ...
R/enrichOverlap.R#L44                           assignGenomicA ...
R/enrichOverlap.R#L49         target.anno <- lapply(target.ann ...
R/enrichOverlap.R#L61     ol <- lapply(target.anno, function(i ...
R/enrichOverlap.R#L69     k <- unlist(lapply(target.anno, func ...
R/enrichOverlap.R#L92                       tLen=unlist(lapply ...
R/enrichOverlap.R#L99 #' calculate overlap significant of ChIP ...
R/enrichOverlap.R#L104 #' @param targetPeak target bed file(s)  ...
R/enrichOverlap.R#L123 enrichPeakOverlap <- function(queryPeak, ...
R/enrichOverlap.R#L124                               chainFile= ...
R/enrichOverlap.R#L235 enrichOverlap.peak.internal <- function( ...
R/epiSeeker-package.R#L12 #' @format Data frame record ucsc genome ...
R/epiSeeker-package.R#L40 #'   \item{diff.Methy}{The difference in ...
R/epiSeeker-package.R#L41 #'   \item{areaStat}{	The sum of the tes ...
R/GEO.R#L42     res <- merge(gv, res, by.x="genomeVe ...
R/GEO.R#L63         res <- res[,c("series_id", "gsm" ...
R/GEO.R#L114                      error = function(e) ...
R/GEO.R#L138         if (file.exists('GEOmetadb.sqlit ...
R/GEO.R#L171     ## save the processedGSM vector that ...
R/GEO.R#L172     ## next time when preparing GSMInfo, ...
R/GEO.R#L217         dbGetQuery(con,paste("select gsm ...
R/GEO.R#L264 getGenomicVersion <- function(ucsc_relea ...
R/GEO.R#L297 ##     gse <- sapply(encode.chipseq, gsu ...
R/GEO.R#L343     i <- c(grep("bed.gz", fnames), grep( ...
R/getBmMatrix.R#L2 #' @details  This function retrieve the  ...
R/getBmMatrix.R#L5 #' @param region base modification regio ...
R/getBmMatrix.R#L11 #' @param position_bias 1-base bias. e.g ...
R/getBmMatrix.R#L44       warning("No motif was specified, \ ...
R/getBmMatrix.R#L50       warning("No motif was specified, \ ...
R/getBmMatrix.R#L55       stop("There is no default motif fo ...
R/getBmMatrix.R#L81       stop("The ", position_bias[i]," po ...
R/getBmMatrix.R#L139                                        m ...
R/getBmMatrix.R#L148   coordinate <- c(start(dmR_melth)[1]:st ...
R/getBmMatrix.R#L178   attr(df,"chromosome") <- paste0("chr", ...
R/getBmMatrix.R#L185 #' @details This function retrieve the i ...
R/getBmMatrix.R#L188 #' @param region base modification regio ...
R/getBmMatrix.R#L193 #' @param position_bias 1-base bias. e.g ...
R/getBmMatrix.R#L225       warning("No motif was specified, \ ...
R/getBmMatrix.R#L231       warning("No motif was specified, \ ...
R/getBmMatrix.R#L236       stop("There is no default motif fo ...
R/getBmMatrix.R#L262       stop("The ", position_bias[i]," po ...
R/getBmMatrix.R#L318                                        m ...
R/getBmMatrix.R#L327   coordinate <- c(start(dmR_melth)[1]:st ...
R/getBmMatrix.R#L379   attr(df,"chromosome") <- paste0("chr", ...
R/getFlankingGene.R#L8 getAllFlankingGene <- function(peak.gr,  ...
R/getFlankingGene.R#L57         res <- hitInfo2[,c("peakIdx", "f ...
R/getGenomicAnnotation.R#L1 updateGenomicAnnotation <- function(peak ...
R/getGenomicAnnotation.R#L2     hits <- getGenomicAnnotation.interna ...
R/getGenomicAnnotation.R#L79             anno <- updateGenomicAnnotat ...
R/getGenomicAnnotation.R#L83             anno <- updateGenomicAnnotat ...
R/getGenomicAnnotation.R#L92             anno <- updateGenomicAnnotat ...
R/getGenomicAnnotation.R#L101             anno <- updateGenomicAnnotat ...
R/getGenomicAnnotation.R#L116                         lbs <- paste("Pr ...
R/getGenomicAnnotation.R#L120                         lbs <- paste("Pr ...
R/getGenomicAnnotation.R#L137     genicIndex <- which(apply(detailGeno ...
R/getGenomicAnnotation.R#L188             j <- which(annotation == "In ...
R/getGenomicAnnotation.R#L210     detailGenomicAnnotation[which(annota ...
R/getGenomicAnnotation.R#L211     return(list(annotation=annotation, d ...
R/getGenomicAnnotation.R#L219 getGenomicAnnotation.internal <- functio ...
R/getMotifMatrix.R#L23 #' sq24 <- DBI::dbConnect(RSQLite::SQLit ...
R/getMotifMatrix.R#L26 #'                                     r ...
R/getMotifMatrix.R#L27 #'                                       ...
R/getMotifMatrix.R#L98             score_idx <- which(mcols(tmp ...
R/getMotifMatrix.R#L138         # tmp_bak_df[tmp_match_indices[t ...
R/getNearestFeatureIndicesAndDistances.R#L9 #' @param ignoreUpstream logical, if Tru ...
R/getNearestFeatureIndicesAndDistances.R#L10 #' @param ignoreDownstream logical, if T ...
R/getNearestFeatureIndicesAndDistances.R#L35     ## start(features) <- end(features)  ...
R/getNearestFeatureIndicesAndDistances.R#L87     psD[ps.idx == dummyID] <- Inf # ensu ...
R/getNearestFeatureIndicesAndDistances.R#L94     peD[pe.idx == dummyID] <- Inf # ensu ...
R/getNearestFeatureIndicesAndDistances.R#L133                 distance_both_end <- dat ...
R/getNearestFeatureIndicesAndDistances.R#L134                                          ...
R/getNearestFeatureIndicesAndDistances.R#L135                 distance_idx <- apply(di ...
R/getNearestFeatureIndicesAndDistances.R#L137                 distance_minimal[distanc ...
R/getNearestFeatureIndicesAndDistances.R#L139                 distanceToTSS[peakIdx] < ...
R/makeBmData.R#L34             makeBmDataFromData.internal( ...
R/makeBmData.R#L68             makeBmDataFromData.internal( ...
R/makeBmData.R#L81 #' @details The objects in \code{data} m ...
R/makeBmData.R#L82 #'    features, which should be organize ...
R/makeBmData.R#L84 #'    chromosome, also known as coordina ...
R/makeBmData.R#L85 #'    The colnames can be any character  ...
R/makeBmData.R#L112 #' @details The objects in \code{data} m ...
R/makeBmData.R#L113 #'    features, which should be organize ...
R/makeBmData.R#L115 #'    chromosome, also known as coordina ...
R/makeBmData.R#L116 #'    The colnames can be any character  ...
R/makeBmData.R#L146 #'    features, which should be organize ...
R/makeBmData.R#L148 #'    chromosome, also known as coordina ...
R/makeBmData.R#L149 #'    The colnames can be any character  ...
R/makeBmData.R#L158   sampleNames <- .check_and_make_sampleN ...
R/makeBmData.R#L169     bmData <- make_bmData_from_value1_an ...
R/makeBmData.R#L265 #' @param variablesNames the names of th ...
R/makeBmData.R#L269 #'    only contain no more than two meta ...
R/makeBmData.R#L283     data <- makeBmDataFromFiles.folder(n ...
R/makeBmData.R#L288     data <- makeBmDataFromFiles.file(nam ...
R/plotAnno.R#L32     anno.df$Feature <- factor(anno.df$Fe ...
R/plotAnno.R#L43         p <- p+scale_fill_manual(values= ...
R/plotAnno.R#L45         p <- p+scale_fill_manual(values= ...
R/plotAnno.R#L91     annoPie(anno.df, ndigit=ndigit, cex= ...
R/plotAnno.R#L100 annoPie <- function(anno.df, ndigit=2, c ...
R/plotAnno.R#L118             ##     ## labels=paste(round ...
R/plotAnno.R#L234     anno.df$Feature <- factor(anno.df$Fe ...
R/plotBmProf.R#L11 #' @param xlim the specified interval of ...
R/plotBmProf.R#L20 #' @param legend_lab_value2 the label of ...
R/plotBmProf.R#L31 #' @param right_y_axis_text_size the siz ...
R/plotBmProf.R#L47 #' bmMatrix <- getBmMatrix(region = data ...
R/plotBmProf.R#L197                                  right_y ...
R/plotBmProf.R#L378   df$value[df$type == vName1 & df$strand ...
R/plotBmProf.R#L447     positive_strand_temp_value[ncol_tmp+ ...
R/plotBmProf.R#L448     positive_strand_temp_value[ncol_tmp+ ...
R/plotBmProf.R#L450     rescale_positive_strand <- rescale(p ...
R/plotBmProf.R#L451     rescale_negative_strand <- rescale(n ...
R/plotBmProf.R#L456     positive_strand_temp <- positive_str ...
R/plotBmProf.R#L457     negative_strand_temp <- negative_str ...
R/plotBmProf.R#L476       #                                  ...
R/plotBmProf.R#L481       #                                  ...
R/plotBmProf.R#L482       #                                  ...
R/plotBmProf.R#L483       #                                  ...
R/plotBmProf.R#L487       #                                  ...
R/plotBmProf.R#L488       #                                  ...
R/plotBmProf.R#L489       #                                  ...
R/plotBmProf.R#L497                                          ...
R/plotBmProf.R#L501                       mapping = aes(x=co ...
R/plotBmProf.R#L504                       mapping = aes(x=co ...
R/plotBmProf.R#L510             geom_col(data = df[df$type== ...
R/plotBmProf.R#L513                       mapping = aes(x=co ...
R/plotBmProf.R#L516                       mapping = aes(x=co ...
R/plotBmProf.R#L517                       color = "#868686FF ...
R/plotBmProf.R#L529       scale_y_continuous(sec.axis = sec_ ...
R/plotBmProf.R#L537                          breaks = c((-1) ...
R/plotBmProf.R#L551                                          ...
R/plotBmProf.R#L558                                          ...
R/plotBmProf.R#L562                                          ...
R/plotBmProf.R#L573                                          ...
R/plotBmProf.R#L577                                          ...
R/plotBmProf.R#L655                                          ...
R/plotBmProf.R#L656                                          ...
R/plotBmProf.R#L657                                          ...
R/plotBmProf.R#L660                                          ...
R/plotBmProf.R#L661                                          ...
R/plotBmProf.R#L662                                          ...
R/plotBmProf.R#L663                                          ...
R/plotBmProf.R#L704                 options = list(opts_hove ...
R/plotBmProf.R#L707                                opts_tool ...
R/plotCov.R#L23 #' @param facet_var how to facet. one of ...
R/plotCov.R#L27 #' @param cluster_dist_method method for ...
R/plotCov.R#L33 #' @param coaccess_legend_pos the legend ...
R/plotCov.R#L34 #' @param coaccess_legend_text_size the  ...
R/plotCov.R#L35 #' @param coaccess_legend_title_size the ...
R/plotCov.R#L105     facet_var <- match.arg(facet_var, c( ...
R/plotCov.R#L109         tm <- getChrCov(peak = peak, wei ...
R/plotCov.R#L111         ltm <- lapply(peak, getChrCov, w ...
R/plotCov.R#L114             warning("input is not a name ...
R/plotCov.R#L129         if(facet_var != ".id~.") stop("a ...
R/plotCov.R#L146         facet_level <- tree_p_data[order ...
R/plotCov.R#L160             if (length(fill_color) == le ...
R/plotCov.R#L167                 p <- p + geom_rect_inter ...
R/plotCov.R#L168                                          ...
R/plotCov.R#L169                                          ...
R/plotCov.R#L170                                          ...
R/plotCov.R#L171                                          ...
R/plotCov.R#L172                                          ...
R/plotCov.R#L175                 p <- p + geom_rect(aes(x ...
R/plotCov.R#L185                 p <- p + geom_rect_inter ...
R/plotCov.R#L186                                        t ...
R/plotCov.R#L188                                          ...
R/plotCov.R#L189                                          ...
R/plotCov.R#L190                                          ...
R/plotCov.R#L192                 p <- p + geom_rect(aes(x ...
R/plotCov.R#L226     p <- p + scale_x_continuous(labels = ...
R/plotCov.R#L234     if (!is.null(xlim) && !all(is.na(xli ...
R/plotCov.R#L269         high_cor_idx <- which(abs(peak_c ...
R/plotCov.R#L270         coaccess_df <- data.frame(Peak1  ...
R/plotCov.R#L271                                  Peak2 = ...
R/plotCov.R#L292         df_processed$peak1_mid <- (df_pr ...
R/plotCov.R#L293         df_processed$peak2_mid <- (df_pr ...
R/plotCov.R#L294         df_processed$distance <- df_proc ...
R/plotCov.R#L302                         scale_color_grad ...
R/plotCov.R#L310                               panel.bord ...
R/plotCov.R#L312                               legend.tex ...
R/plotCov.R#L313                               legend.tit ...
R/plotCov.R#L325         all_p <- plot_list(p, tree_p, ac ...
R/plotCov.R#L332         all_p <- plot_list(p, tree_p, de ...
R/plotCov.R#L342         all_p <- plot_list(p, access_p,  ...
R/plotCov.R#L348                         options = list(o ...
R/plotCov.R#L351                                        o ...
R/plotCov.R#L419     if (!is.null(xlim) && !all(is.na(xli ...
R/plotCov.R#L423     df2 <- group_by(df, chr, start, end) ...
R/plotDistToTSS.R#L13   break_labels = scales::label_number(sc ...
R/plotDistToTSS.R#L30   old_color = c("#9ecae1", "#3182bd", "# ...
R/plotDistToTSS.R#L75 #' @param palette palette name for color ...
R/plotDistToTSS.R#L105                                      dis ...
R/plotDistToTSS.R#L109                                      tit ...
R/plotDistToTSS.R#L133         summarise(freq = length(.data$Fe ...
R/plotDistToTSS.R#L169     peakDist$Feature <- factor(peakDist$ ...
R/plotDistToTSS.R#L173         p <- ggplot(peakDist, aes(x=.dat ...
R/plotDistToTSS.R#L176     p <- p + geom_bar(data=subset(peakDi ...
R/plotDistToTSS.R#L177         geom_bar(data=subset(peakDist, s ...
R/plotDistToTSS.R#L190     p <- p + scale_fill_manual(values=re ...
R/plotGeneTrack.R#L11 #' @param select_gene show all gene or s ...
R/plotGeneTrack.R#L13 #' @param fromType from which type of ge ...
R/plotGeneTrack.R#L37 #' plotGeneTrack(txdb = txdb, chr = "chr ...
R/plotGeneTrack.R#L41                           select_gene =  ...
R/plotGeneTrack.R#L42                           highlight = NU ...
R/plotGeneTrack.R#L43                           OrgDb = NULL,  ...
R/plotGeneTrack.R#L52     gene_df <- data.frame(subsetByOverla ...
R/plotGeneTrack.R#L66         rlang::check_installed('clusterP ...
R/plotGeneTrack.R#L70                                          ...
R/plotGeneTrack.R#L113         p <- ggplot(gene_df, aes(xmin =  ...
R/plotGeneTrack.R#L114                              forward=for ...
R/plotGeneTrack.R#L132         p <- p  + scale_x_continuous(bre ...
R/plotGeneTrack.R#L133                                      lab ...
R/plotMotifProf.R#L32 #' sq24 <- DBI::dbConnect(RSQLite::SQLit ...
R/plotMotifProf.R#L35 #'                                     r ...
R/plotMotifProf.R#L36 #'                                       ...
R/plotMotifProf.R#L42                           x_lab = NULL,  ...
R/plotMotifProf.R#L66         p <- ggplot(df_interactive, mapp ...
R/plotMotifProf.R#L69                                          ...
R/plotMotifProf.R#L70                                          ...
R/plotMotifProf.R#L72                                          ...
R/plotMotifProf.R#L77                 coord_cartesian(xlim = c ...
R/plotMotifProf.R#L78                 scale_x_continuous(break ...
R/plotMotifProf.R#L79                                 labels = ...
R/plotMotifProf.R#L80                 scale_y_continuous(break ...
R/plotMotifProf.R#L81                                 labels = ...
R/plotMotifProf.R#L87                     options = list(opts_ ...
R/plotMotifProf.R#L90                                    opts_ ...
R/plotMotifProf.R#L99             coord_cartesian(xlim = c(x_m ...
R/plotMotifProf.R#L100             scale_x_continuous(breaks =  ...
R/plotMotifProf.R#L101                                labels =  ...
R/plotMotifProf.R#L102             scale_y_continuous(breaks =  ...
R/plotMotifProf.R#L103                                labels =  ...
R/plotTagMatrix.R#L7 #' @param palette palette to be filled i ...
R/plotTagMatrix.R#L37                                          ...
R/plotTagMatrix.R#L86                                          ...
R/plotTagMatrix.R#L99 #' @param palette palette to be filled i ...
R/plotTagMatrix.R#L169             title <- paste("Heatmap of p ...
R/plotTagMatrix.R#L193                     theme(strip.text.y = ...
R/plotTagMatrix.R#L194                                          ...
R/plotTagMatrix.R#L228 #' @param statistic_method method to do  ...
R/plotTagMatrix.R#L264         warning("input is not a named li ...
R/plotTagMatrix.R#L291       tagCount <- lapply(tagMatrix, func ...
R/plotTagMatrix.R#L292                                          ...
R/plotTagMatrix.R#L293                                          ...
R/plotTagMatrix.R#L362 #' @param statistic_method method to do  ...
R/plotTagMatrix.R#L366 #' @param palette palette to be filled i ...
R/plotTagMatrix.R#L418                                          ...
R/plotTagMatrix.R#L462                                          ...
R/plotTagMatrix.R#L480             tmp[[i]] <- prof_p %>% inser ...
R/plotTagMatrix.R#L506                                        f ...
R/readPeakFile.R#L51     ## For example, the first 100 bases  ...
R/seq2gene.R#L3 #' This funciton associates genomic regi ...
R/seq2gene.R#L9 #' @param sameStrand logical whether fin ...
R/seq2gene.R#L30     exons <- getGenomicAnnotation.intern ...
R/seq2gene.R#L39     introns <- getGenomicAnnotation.inte ...
R/seq2gene.R#L47     ## [1] "126789"    "440556"    "4985 ...
R/seq2gene.R#L50     idx.dist <- getNearestFeatureIndices ...
R/seq2gene.R#L58     nearest_genes <- mcols(nearestFeatur ...
R/tagMatrix.R#L27 #' @param by one of 'gene', 'transcript' ...
R/tagMatrix.R#L54     start_site <- ifelse(strand(regions) ...
R/tagMatrix.R#L55     end_site <- ifelse(strand(regions) = ...
R/tagMatrix.R#L65     start_site <- ifelse(strand(regions) ...
R/tagMatrix.R#L66     end_site <- ifelse(strand(regions) = ...
R/tagMatrix.R#L88 #' @details this function combined previ ...
R/tagMatrix.R#L96 #' 2. function can make region from gran ...
R/tagMatrix.R#L97 #' Users can provide these regions throu ...
R/tagMatrix.R#L99 #' There are three kinds of way to exten ...
R/tagMatrix.R#L100 #' We take transcript region to expain t ...
R/tagMatrix.R#L111 #' @param by one of 'gene', 'transcript' ...
R/tagMatrix.R#L140     by <- match.arg(by, c('gene', 'trans ...
R/tagMatrix.R#L193 #' Matrix represents the peak count in a ...
R/tagMatrix.R#L195 #' (1) use \code{\link{getPromoters}} an ...
R/tagMatrix.R#L199 #' In this way users do not need to inpu ...
R/tagMatrix.R#L205 #' However, many regions can not be gain ...
R/tagMatrix.R#L213 #' @param peak (1) a peak file or GRange ...
R/tagMatrix.R#L218 #' @param by one of 'gene', 'transcript' ...
R/tagMatrix.R#L220 #' @param weightCol column name of weigh ...
R/tagMatrix.R#L223 #' Idea is derived from the function of  ...
R/tagMatrix.R#L302 #' @param by one of 'gene', 'transcript' ...
R/tagMatrix.R#L368                                          ...
R/tagMatrix.R#L399                                        u ...
R/tagMatrix.R#L498   peakView <- Views(peak.cov[chr.idx], a ...
R/tagMatrix.R#L503   # get the index of windows, that are r ...
R/tagMatrix.R#L604                                          ...
R/tagMatrix.R#L616                         round(nbin * (up ...
R/tagMatrix.R#L625     dash_pos <- c(round(nbin * upstream_ ...
R/tagMatrix.R#L642                         round(nbin * (up ...
R/tagMatrix.R#L650     dash_pos <- c(round(nbin * upstream_ ...
R/tagMatrix.R#L657     mt_list[["body_tagMatrix"]] <- getTa ...
R/tagMatrix.R#L658                                          ...
R/tagMatrix.R#L683       mt_list[["upstream_tagMatrix"]] <- ...
R/tagMatrix.R#L684                                          ...
R/tagMatrix.R#L685                                          ...
R/tagMatrix.R#L686                                          ...
R/tagMatrix.R#L709                                     rang ...
R/tagMatrix.R#L712       mt_list[["downstream_tagMatrix"]]  ...
R/tagMatrix.R#L713                                          ...
R/tagMatrix.R#L714                                          ...
R/tagMatrix.R#L715                                          ...
R/tagMatrix.R#L756     peakView <- Views(peak.cov[chr.idx], ...
R/tagMatrix.R#L806       tagMatrix_list <- lapply(tagMatrix ...
R/tagMatrix.R#L811     # get the index of windows, that are ...
R/upsetplot.R#L15 upsetplot.csAnno <- function(x, order_by ...
R/upsetplot.R#L32         ggimage::geom_subview(subview =  ...
R/utilities.R#L180         tagMxBoot <- boot(data = tagMatr ...
R/utilities.R#L183         tagMxBoot <- boot(data = tagMatr ...
R/utilities.R#L184                           R = RESAMPLE_T ...
R/utilities.R#L189                         bootCiToken <- b ...
R/utilities.R#L199 getTagCount <- function(tagMatrix, xlim, ...
R/utilities.R#L201     statistic_method <- match.arg(statis ...
R/utilities.R#L255         tagCiMx <- getTagCiMatrix(tagMat ...
R/utilities.R#L334     ## if it fail, take a look at the ob ...
R/utilities.R#L337     w <- t(apply(permutations(2,length(S ...
R/utilities.R#L411     rlang::check_installed('TxDb.Hsapien ...
R/utilities.R#L415             warning(">> TxDb is not spec ...
R/utilities.R#L416             TxDb <- TxDb.Hsapiens.UCSC.h ...
R/utilities.R#L510             stop("targetPeak should be a ...
R/utilities.R#L596         if(as.numeric(upstream) < 0 || a ...
R/utilities.R#L605             stop('if upstream or downstr ...
R/utilities.R#L631     # if (length(unique(width(windows))) ...
R/utilities.R#L649         if(verbose){cat(">> binning meth ...
R/utilities.R#L884                                    start ...
R/utilities.R#L910                              start = dmR ...
R/utilities.R#L937                              end = dmR_m ...
R/vennplot.R#L3 #' venn plot produced through this way h ...
R/vennplot.R#L4 #' ggplot2 grammar e.g.(scale_fill_disti ...
R/vennplot.R#L9 #' @param ... extra parameters using ggV ...
R/vennplot.R#L26         warning("input is not a named li ...
R/vennplot.R#L49 #' files <- list(system.file("extdata",  ...
R/vennplot.R#L50 #'               system.file("extdata",  ...
vignettes/epiSeeker.rmd#L2 title: "epiSeeker: an R package for Anno ...
vignettes/epiSeeker.rmd#L17   %\VignetteIndexEntry{epiSeeker: an R p ...
vignettes/epiSeeker.rmd#L47 Data of fragment type, like ChIP-seq dat ...
vignettes/epiSeeker.rmd#L48 It supports annotating ChIP peaks and pr ...
vignettes/epiSeeker.rmd#L53 These datasets can be downloaded and com ...
vignettes/epiSeeker.rmd#L54 inferring co-regulation or transcription ...
vignettes/epiSeeker.rmd#L56 It provides function to visualize single ...
vignettes/epiSeeker.rmd#L61 If you use `r Biocpkg("ChIPseeker")`[@yu ...
vignettes/epiSeeker.rmd#L63 + Q Wang<sup>#</sup>, M Li<sup>#</sup>,  ...
vignettes/epiSeeker.rmd#L64 + __G Yu__<sup>\*</sup>, LG Wang, QY He< ...
vignettes/epiSeeker.rmd#L69 Biology relies heavily on epigenetics as ...
vignettes/epiSeeker.rmd#L70 Based on the type of epigenomic data can ...
vignettes/epiSeeker.rmd#L72 Chromatin immunoprecipitation followed b ...
vignettes/epiSeeker.rmd#L73 It has become standard technologies for  ...
vignettes/epiSeeker.rmd#L74 After read mappings and peak callings, t ...
vignettes/epiSeeker.rmd#L75 Annotation also create the possibility o ...
vignettes/epiSeeker.rmd#L76 `r Biocpkg("ChIPseeker")`[@yu_chipseeker ...
vignettes/epiSeeker.rmd#L77 ChIP peak data set comparison is also ve ...
vignettes/epiSeeker.rmd#L79 If two ChIP seq data, obtained by two di ...
vignettes/epiSeeker.rmd#L80 these two proteins may form a complex or ...
vignettes/epiSeeker.rmd#L81 `r Biocpkg("ChIPseeker")`[@yu_chipseeker ...
vignettes/epiSeeker.rmd#L82 and incorporate open access database GEO ...
vignettes/epiSeeker.rmd#L83 Protein interaction hypothesis can be ge ...
vignettes/epiSeeker.rmd#L84 Converting genome coordinations from one ...
vignettes/epiSeeker.rmd#L85 making this comparison available for dif ...
vignettes/epiSeeker.rmd#L86 Several visualization functions are impl ...
vignettes/epiSeeker.rmd#L88 Functional enrichment analysis of the pe ...
vignettes/epiSeeker.rmd#L89 `r Biocpkg("DOSE")`[@yu_dose_2015], `r B ...
vignettes/epiSeeker.rmd#L92 Epigenomic data of base type refer to ep ...
vignettes/epiSeeker.rmd#L93 Many methods are used to detect the epig ...
vignettes/epiSeeker.rmd#L94 such as `Me‑DIP` and `oxBS‑seq` for `5mC ...
vignettes/epiSeeker.rmd#L95 Aside from these, third-generation seque ...
vignettes/epiSeeker.rmd#L114 from _GEO (GSE40740)_[@pemberton_genome- ...
vignettes/epiSeeker.rmd#L116 `r Biocpkg("ChIPseeker")` provides `read ...
vignettes/epiSeeker.rmd#L127 After peak calling, we would like to kno ...
vignettes/epiSeeker.rmd#L129 generate a figure to visualize. [GRanges ...
vignettes/epiSeeker.rmd#L137 Interactive function is also supported b ...
vignettes/epiSeeker.rmd#L141 plotCov(peak, weightCol="V5", chrs=c("ch ...
vignettes/epiSeeker.rmd#L144 Hierarchical clustering and co-accessibi ...
vignettes/epiSeeker.rmd#L145 peak coverage of multiple samples. Here  ...
vignettes/epiSeeker.rmd#L146 Co-accessibility is also supported to be ...
vignettes/epiSeeker.rmd#L179 When `peak` is a `GRangsList` object, us ...
vignettes/epiSeeker.rmd#L192 First of all, for calculating the profil ...
vignettes/epiSeeker.rmd#L193 and generate the tagMatrix. Following pa ...
vignettes/epiSeeker.rmd#L195 1. Region parameters:  two parameters to ...
vignettes/epiSeeker.rmd#L196 transcript, exon, intron, 3UTR, 5UTR, an ...
vignettes/epiSeeker.rmd#L200 2. Mode parameters: users can use two mo ...
vignettes/epiSeeker.rmd#L201 original resolution, which means one fig ...
vignettes/epiSeeker.rmd#L202 (2) binning mode: Users can input `nbin` ...
vignettes/epiSeeker.rmd#L203 resolution, which means one point in the ...
vignettes/epiSeeker.rmd#L204 The most important is that if users sele ...
vignettes/epiSeeker.rmd#L206 3. Extension parameters: we provides `up ...
vignettes/epiSeeker.rmd#L207 If we want to visualize the gene region, ...
vignettes/epiSeeker.rmd#L210 If user select body mode, upstream and d ...
vignettes/epiSeeker.rmd#L214 If users do not want to methods above to ...
vignettes/epiSeeker.rmd#L216 Since tagMatrix has been derived, epiSee ...
vignettes/epiSeeker.rmd#L219 We also provide `plot_prof` parameter in ...
vignettes/epiSeeker.rmd#L222 (1) `missingDataAsZero`: this parameter  ...
vignettes/epiSeeker.rmd#L223 For example, users specific a region of  ...
vignettes/epiSeeker.rmd#L225 If this value is FALSE, then the missing ...
vignettes/epiSeeker.rmd#L226 (2) `statistic_method` : tagMatrix is a  ...
vignettes/epiSeeker.rmd#L227 `statistic_method` parameter determine h ...
vignettes/epiSeeker.rmd#L228 We use mean method as default, which mea ...
vignettes/epiSeeker.rmd#L233 Here we show the usage of one sample. `b ...
vignettes/epiSeeker.rmd#L234 `type = "start_site"` means plot the sta ...
vignettes/epiSeeker.rmd#L235 `upstream = 3000, downstream = 3000` mea ...
vignettes/epiSeeker.rmd#L237 `plotPeakHeatmap()` can be used to visua ...
vignettes/epiSeeker.rmd#L238 `statistic_method = "mean"` means that t ...
vignettes/epiSeeker.rmd#L239 `missingDataAsZero = TRUE` means that we ...
vignettes/epiSeeker.rmd#L240 `conf = 0.95, resample = 1000` means in  ...
vignettes/epiSeeker.rmd#L243 tssTagMatrix <- getTagMatrix(peak = peak ...
vignettes/epiSeeker.rmd#L244                              type = "sta ...
vignettes/epiSeeker.rmd#L269 Using binning mode `nbin = 1000` to plot ...
vignettes/epiSeeker.rmd#L272 tssTagMatrix_nbin <- getTagMatrix(peak = ...
vignettes/epiSeeker.rmd#L274                                   nbin = ...
vignettes/epiSeeker.rmd#L288 Body region is an important region to be ...
vignettes/epiSeeker.rmd#L290 In this example, show the visualization  ...
vignettes/epiSeeker.rmd#L305 Extension can also be rel object, here r ...
vignettes/epiSeeker.rmd#L308                                       up ...
vignettes/epiSeeker.rmd#L322 Users can visualize data profile in diff ...
vignettes/epiSeeker.rmd#L361 Users can input a `GrangeList` object an ...
vignettes/epiSeeker.rmd#L362 `peak` parameter in getTagMatrix can not ...
vignettes/epiSeeker.rmd#L366                                          ...
vignettes/epiSeeker.rmd#L368                                          ...
vignettes/epiSeeker.rmd#L378 The datasets of base modification in  th ...
vignettes/epiSeeker.rmd#L379 This dataset is genome-wide methylation  ...
vignettes/epiSeeker.rmd#L380 Two conditions of A549 cells have been t ...
vignettes/epiSeeker.rmd#L381 We use the cell in the day0(d0) to find  ...
vignettes/epiSeeker.rmd#L383 epiSeeker provide `getBmMatrix()` and `p ...
vignettes/epiSeeker.rmd#L384 `getBmMatrix()` accept folloing necessar ...
vignettes/epiSeeker.rmd#L385 (2) `BSgenome`: sequence reference objec ...
vignettes/epiSeeker.rmd#L386 `bmData` object can be constructed by `m ...
vignettes/epiSeeker.rmd#L387 (4) `base` : type of base that has modif ...
vignettes/epiSeeker.rmd#L396 bmMatrix <- getBmMatrix(region = data.fr ...
vignettes/epiSeeker.rmd#L408 Gene information can be added to visuali ...
vignettes/epiSeeker.rmd#L409 `plotGeneTrack()` accepts several parame ...
vignettes/epiSeeker.rmd#L410 (2) `chr,start_pos,end_pos` : region inf ...
vignettes/epiSeeker.rmd#L418 Users can also input `select_gene` to vi ...
vignettes/epiSeeker.rmd#L446                                          ...
vignettes/epiSeeker.rmd#L475 Peak Annotation is performed by `annotat ...
vignettes/epiSeeker.rmd#L476 by default TSS is defined from -3kb to + ...
vignettes/epiSeeker.rmd#L477 `r Biocpkg("ChIPseeker")` provides `as.G ...
vignettes/epiSeeker.rmd#L478 and `as.data.frame` to convert `csAnno`  ...
vignettes/epiSeeker.rmd#L481 Bioconductor provides several package th ...
vignettes/epiSeeker.rmd#L482 for instance `r Biocannopkg("TxDb.Hsapie ...
vignettes/epiSeeker.rmd#L483 human genome hg38 and hg19, `r Biocannop ...
vignettes/epiSeeker.rmd#L485 mouse genome mm10 and mm9, etc. User can ...
vignettes/epiSeeker.rmd#L486 and BioMart data resources by R function ...
vignettes/epiSeeker.rmd#L489 All the peak information contained in pe ...
vignettes/epiSeeker.rmd#L493 Since some annotation may overlap, `r Bi ...
vignettes/epiSeeker.rmd#L506 `r Biocpkg("ChIPseeker")` also provides  ...
vignettes/epiSeeker.rmd#L509 for instance "Exon (uc002sbe.3/9736, exo ...
vignettes/epiSeeker.rmd#L510 and the corresponding Entrez gene ID is  ...
vignettes/epiSeeker.rmd#L511 and this overlaped exon is the 69th exon ...
vignettes/epiSeeker.rmd#L513 Parameter annoDb is optional, if provide ...
vignettes/epiSeeker.rmd#L514 The geneId column in annotation output w ...
vignettes/epiSeeker.rmd#L515 If it is ENTREZID, ENSEMBL will be added ...
vignettes/epiSeeker.rmd#L521 To annotate the location of a given peak ...
vignettes/epiSeeker.rmd#L522 in "annotation" column of the output, wh ...
vignettes/epiSeeker.rmd#L523 Many researchers are very interesting in ...
vignettes/epiSeeker.rmd#L524 in details of which exon/intron of which ...
vignettes/epiSeeker.rmd#L527 ```{r fig.cap="Genomic Annotation by pie ...
vignettes/epiSeeker.rmd#L531 ```{r fig.cap="Genomic Annotation by bar ...
vignettes/epiSeeker.rmd#L537 Since some annotation overlap, user may  ...
vignettes/epiSeeker.rmd#L540 ```{r fig.cap="Genomic Annotation by ven ...
vignettes/epiSeeker.rmd#L544 We extend `r CRANpkg("UpSetR")` to view  ...
vignettes/epiSeeker.rmd#L546 ```{r fig.cap="Genomic Annotation by ups ...
vignettes/epiSeeker.rmd#L554 The distance from the peak (binding site ...
vignettes/epiSeeker.rmd#L555 reported in the output. We provide `plot ...
vignettes/epiSeeker.rmd#L558 ```{r fig.cap="Distribution of Binding S ...
vignettes/epiSeeker.rmd#L560               title="Distribution of tra ...
vignettes/epiSeeker.rmd#L567 Once we have obtained the annotated near ...
vignettes/epiSeeker.rmd#L568 identify predominant biological themes a ...
vignettes/epiSeeker.rmd#L569 For instance, Gene Ontology (GO)[@ashbur ...
vignettes/epiSeeker.rmd#L571 Kyoto Encyclopedia of Genes and Genomes  ...
vignettes/epiSeeker.rmd#L572 Disease Ontology (DO)[@schriml_disease_2 ...
vignettes/epiSeeker.rmd#L575 `r Biocpkg("ChIPseeker")` also provides  ...
vignettes/epiSeeker.rmd#L576 It consider host gene (exon/intron), pro ...
vignettes/epiSeeker.rmd#L577 This function is designed to link both c ...
vignettes/epiSeeker.rmd#L581 I have developed several Bioconductor pa ...
vignettes/epiSeeker.rmd#L583 including `r Biocpkg("DOSE")`[@yu_dose_2 ...
vignettes/epiSeeker.rmd#L584 `r Biocpkg("clusterProfiler")`[@yu_clust ...
vignettes/epiSeeker.rmd#L592 gene <- seq2gene(peak, tssRegion = c(-10 ...
vignettes/epiSeeker.rmd#L598 More information can be found in the vig ...
vignettes/epiSeeker.rmd#L599 `r Biocpkg("clusterProfiler")`[@yu_clust ...
vignettes/epiSeeker.rmd#L600 The `r Biocpkg("clusterProfiler")`[@yu_c ...
vignettes/epiSeeker.rmd#L601 among gene clusters, and can directly ap ...
vignettes/epiSeeker.rmd#L607 The `plotAnnoBar` and `plotDistToTSS` ca ...
vignettes/epiSeeker.rmd#L615 ```{r fig.cap="Genomic Annotation among  ...
vignettes/epiSeeker.rmd#L619 R function `plotDistToTSS` can use to co ...
vignettes/epiSeeker.rmd#L620 ```{r fig.cap="Distribution of Binding S ...
vignettes/epiSeeker.rmd#L628 Biocpkg("ReactomePA")` for Gene Ontology ...
vignettes/epiSeeker.rmd#L630 The `r Biocpkg("clusterProfiler")`[@yu_c ...
vignettes/epiSeeker.rmd#L631 among gene clusters, and can be easily a ...
vignettes/epiSeeker.rmd#L646 User may want to compare the overlap pea ...
vignettes/epiSeeker.rmd#L647 `r Biocpkg("ChIPseeker")` provides `peak ...
vignettes/epiSeeker.rmd#L648 Several files can be read simultaneously ...
vignettes/epiSeeker.rmd#L650 `vennplot` accept a list of object, can  ...
vignettes/epiSeeker.rmd#L651 Here, I will demonstrate using `vennplot ...
vignettes/epiSeeker.rmd#L653 ```{r fig.cap="Overlap of annotated gene ...
vignettes/epiSeeker.rmd#L661 Overlap is very important, if two ChIP e ...
vignettes/epiSeeker.rmd#L662 they may cooperative in regulation. Calc ...
vignettes/epiSeeker.rmd#L663 `r Biocpkg("ChIPseeker")` implemented st ...
vignettes/epiSeeker.rmd#L673 We implement the `shuffle` function to r ...
vignettes/epiSeeker.rmd#L679 With the ease of this `shuffle` method,  ...
vignettes/epiSeeker.rmd#L693 Parameter _queryPeak_ is the query ChIP  ...
vignettes/epiSeeker.rmd#L695 To speed up the compilation of this vign ...
vignettes/epiSeeker.rmd#L697 Parameter _chainFile_ are chain file nam ...
vignettes/epiSeeker.rmd#L698 their genome version are different. This ...
vignettes/epiSeeker.rmd#L700 In the output, _qSample_ is the name of  ...
vignettes/epiSeeker.rmd#L706 There are many ChIP seq data sets that h ...
vignettes/epiSeeker.rmd#L707 We can compare our own dataset to those  ...
vignettes/epiSeeker.rmd#L708 Significant overlap of ChIP seq data by  ...
vignettes/epiSeeker.rmd#L711 We collect about **17,000** bed files de ...
vignettes/epiSeeker.rmd#L733 If _simplify_ is set to _FALSE_, extra i ...
vignettes/epiSeeker.rmd#L738 `r Biocpkg("ChIPseeker")` provide functi ...
vignettes/epiSeeker.rmd#L753 After download the bed files from GEO, w ...
vignettes/epiSeeker.rmd#L754 Parameter _targetPeak_ can be the folder ...
vignettes/epiSeeker.rmd#L755 compare all the bed files. It is possibl ...
vignettes/epiSeeker.rmd#L756 different genome versions, `enrichPeakOv ...
vignettes/epiSeeker.rmd#L757 to the genome version consistent with _q ...
vignettes/epiSeeker.rmd#L758 By mining the data deposited in GEO, we  ...
vignettes/epiSeeker.rmd#L766 [ChIPseeker homepage](https://guangchuan ...
vignettes/epiSeeker.rmd#L777 For Chinese user, you can follow me on [ ...
vignettes/epiSeeker.rmd#L782 Here is the output of `sessionInfo()` on ...
Consider 4 spaces instead of tabs; 5 lines (0%) contain tabs.
First few lines:
R/epiSeeker-package.R#L41 #'   \item{areaStat}{	The sum of the tes ...
R/getGenomicAnnotation.R#L163 		 start(peaks) - end(peF), ...
R/getGenomicAnnotation.R#L164 		 end(peaks) - start(peF)) ...
R/getGenomicAnnotation.R#L175 	    dsd <- 3000 ## downstream 3k by def ...
R/getGenomicAnnotation.R#L195 		annotation[j] <- lbs ...
Consider multiples of 4 spaces for line indents; 1942 lines (21%) are not.
First few lines:
R/AllGenerics.R#L15   function(x, r = 0.2, cex = 1.2, ...)  ...
R/AllGenerics.R#L16   standardGeneric("vennpie") ...
R/AllGenerics.R#L34   function(x,  ...
R/AllGenerics.R#L39   standardGeneric("plotDistToTSS") ...
R/AllGenerics.R#L56   function(x, ...
R/AllGenerics.R#L61   standardGeneric("plotAnnoBar") ...
R/AllGenerics.R#L73   function(x,  ...
R/AllGenerics.R#L81   standardGeneric("plotAnnoPie") ...
R/AllGenerics.R#L103            function(region, ...
R/AllGenerics.R#L111              standardGeneric("getBmMatri ...
R/AllGenerics.R#L113            }) ...
R/AllGenerics.R#L125                                          ...
R/AllGenerics.R#L126   standardGeneric("makeBmDataFromData") ...
R/annotateSeq.R#L136                                          ...
R/annotateSeq.R#L137                                          ...
R/annotateSeq.R#L138                                          ...
R/annotateSeq.R#L176                                          ...
R/annotateSeq.R#L180                                          ...
R/annotateSeq.R#L181                                          ...
R/annotateSeq.R#L182                                          ...
R/annotateSeq.R#L183                                          ...
R/annotateSeq.R#L189                                          ...
R/annotateSeq.R#L190                                          ...
R/annotateSeq.R#L197                                          ...
R/annotateSeq.R#L198                                          ...
R/annotateSeq.R#L199                                          ...
R/annotateSeq.R#L200                                          ...
R/annotateSeq.R#L202                                          ...
R/annotateSeq.R#L203                                          ...
R/annotateSeq.R#L206                                          ...
R/annotateSeq.R#L207                                          ...
R/annotateSeq.R#L276                    anno = peak.gr, ...
R/annotateSeq.R#L277                    tssRegion = tssRegion ...
R/annotateSeq.R#L278                    level=level, ...
R/annotateSeq.R#L279                    hasGenomicAnnotation  ...
R/annotateSeq.R#L280                    detailGenomicAnnotati ...
R/annotateSeq.R#L281                    annoStat=getGenomicAn ...
R/annotateSeq.R#L282                    peakNum=peakNum ...
R/annotateSeq.R#L283                    ) ...
R/annotateSeq.R#L286                    anno = peak.gr, ...
R/annotateSeq.R#L287                    tssRegion = tssRegion ...
R/annotateSeq.R#L288                    level=level, ...
R/annotateSeq.R#L289                    hasGenomicAnnotation  ...
R/annotateSeq.R#L290                    peakNum=peakNum ...
R/annotateSeq.R#L291                    ) ...
R/bmData-class.R#L50                    pos = NULL, chr = NUL ...
R/bmData-class.R#L51                    sampleNames = NULL, v ...
R/bmData-class.R#L52                    ...){ ...
R/bmData-class.R#L54   ## get the non null number ...
R/bmData-class.R#L55   n0 <- sum(vapply(list(value1,value2), ...
R/bmData-class.R#L56                    function(x) !is.null( ...
R/bmData-class.R#L57                    FUN.VALUE = logical(1 ...
R/bmData-class.R#L59   ## value1 and value2 can not be NULL s ...
R/bmData-class.R#L60   if(n0 == 0) stop("Need an input value. ...
R/bmData-class.R#L62   ## check valueNames ...
R/bmData-class.R#L63   valueNames <- .check_valueNames(valueN ...
R/bmData-class.R#L65   ## for the sake of convenience, we ass ...
R/bmData-class.R#L66   if(n0 == 1){ ...
R/bmData-class.R#L73   } ...
R/bmData-class.R#L76   ## This parameter check comes from BSs ...
R/bmData-class.R#L77   ## https://github.com/hansenlab/bsseq/ ...
R/bmData-class.R#L78   if (is.null(gr)) { ...
R/bmData-class.R#L80       stop("Need 'pos' and 'chr' if 'gr' ...
R/bmData-class.R#L83   } ...
R/bmData-class.R#L84   if (!is(gr, "GRanges")) { ...
R/bmData-class.R#L86   } ...
R/bmData-class.R#L88   ## deal with the duplicated location ...
R/bmData-class.R#L89   if(any(duplicated(gr))){ ...
R/bmData-class.R#L122   } ...
R/bmData-class.R#L125   ## In order to use BSseq() as an const ...
R/bmData-class.R#L126   ## to pass the BSseq() check ...
R/bmData-class.R#L127   M <- matrix(c(rep(1,nrow(value1)*ncol( ...
R/bmData-class.R#L128   Cov <- matrix(c(rep(3,nrow(value1)*nco ...
R/bmData-class.R#L130   tmp_bsseq <- BSseq(M = M, Cov = Cov, ...
R/bmData-class.R#L131                      gr = gr, sampleName ...
R/bmData-class.R#L132                      ...) ...
R/bmData-class.R#L134   ## Now we extract the assays from BSse ...
R/bmData-class.R#L135   ## substitute it with the value we inp ...
R/bmData-class.R#L136   if(n0 == 1){ ...
R/bmData-class.R#L139                       valueNames[1], ...
R/bmData-class.R#L140                       "=value1)") ...
R/bmData-class.R#L144   }else{ ...
R/bmData-class.R#L147                       valueNames[1], ...
R/bmData-class.R#L148                       "= value1, ", ...
R/bmData-class.R#L149                       valueNames[2], ...
R/bmData-class.R#L150                       "= value2)") ...
R/bmData-class.R#L154   } ...
R/bmData-class.R#L156   new_se <- SummarizedExperiment(assays  ...
R/bmData-class.R#L157                                  rowRang ...
R/bmData-class.R#L158                                  colData ...
R/bmData-class.R#L160   return(new("bmData", new_se)) ...
R/bmData-class.R#L182           function(region, ...
R/bmData-class.R#L183                    input, ...
R/bmData-class.R#L184                    BSgenome, ...
R/bmData-class.R#L185                    base = NULL, ...
R/bmData-class.R#L186                    motif = NULL, ...
R/bmData-class.R#L187                    position_bias = NULL, ...
R/bmData-class.R#L188                    ...){ ...
R/bmData-class.R#L191                                          ...
R/bmData-class.R#L192                                          ...
R/bmData-class.R#L193                                          ...
R/bmData-class.R#L194                                          ...
R/bmData-class.R#L195                                          ...
R/bmData-class.R#L197           }) ...
R/BSseq-class.R#L19           function(region, ...
R/BSseq-class.R#L20                    input, ...
R/BSseq-class.R#L21                    BSgenome, ...
R/BSseq-class.R#L22                    base = NULL, ...
R/BSseq-class.R#L23                    motif = NULL, ...
R/BSseq-class.R#L24                    position_bias = NULL, ...
R/BSseq-class.R#L25                    cover_depth=TRUE, ...
R/BSseq-class.R#L26                    ...){ ...
R/BSseq-class.R#L36           }) ...
R/csAnno.R#L26          representation=representation( ...
R/csAnno.R#L27              anno = "GRanges", ...
R/csAnno.R#L28              tssRegion = "numeric", ...
R/csAnno.R#L29              level = "character", ...
R/csAnno.R#L30              hasGenomicAnnotation = "log ...
R/csAnno.R#L31              detailGenomicAnnotation="da ...
R/csAnno.R#L32              annoStat="data.frame", ...
R/csAnno.R#L33              peakNum="numeric" ...
R/csAnno.R#L34              )) ...
R/csAnno.R#L106        && sum(!duplicated(lapply(z, func ...
R/csAnno.R#L142                               levels = f ...
R/csAnno.R#L149                               levels = f ...
R/csAnno.R#L158                                   by = " ...
R/csAnno.R#L174                anno = combine_anno, ...
R/csAnno.R#L175                tssRegion = combine_tssRe ...
R/csAnno.R#L176                level = combine_level, ...
R/csAnno.R#L177                hasGenomicAnnotation = co ...
R/csAnno.R#L178                detailGenomicAnnotation = ...
R/csAnno.R#L179                annoStat = annoStat_resul ...
R/csAnno.R#L180                peakNum = combine_peakNum ...
R/csAnno.R#L202           function(x,  ...
R/csAnno.R#L203                    r = 0.2,  ...
R/csAnno.R#L204                    cex = 1.2,  ...
R/csAnno.R#L205                    ...) { ...
R/csAnno.R#L207           } ...
R/csAnno.R#L208           ) ...
R/csAnno.R#L232           function(x, ...) { ...
R/csAnno.R#L233               upsetplot.csAnno(x, ...) ...
R/csAnno.R#L234           } ...
R/csAnno.R#L235           ) ...
R/csAnno.R#L277           function(object) { ...
R/csAnno.R#L278               cat("Annotated peaks gener ...
R/csAnno.R#L279               cat(paste(length(object@an ...
R/csAnno.R#L280                   " peaks were annotated ...
R/csAnno.R#L281               if (object@hasGenomicAnnot ...
R/csAnno.R#L282                   cat("Genomic Annotatio ...
R/csAnno.R#L283                   print(object@annoStat) ...
R/csAnno.R#L284               } ...
R/csAnno.R#L285           } ...
R/csAnno.R#L286           ) ...
R/csAnno.R#L296           function(x, ...
R/csAnno.R#L297                    xlab="", ...
R/csAnno.R#L298                    ylab='Percentage(%)', ...
R/csAnno.R#L299                    title="Feature Distri ...
R/csAnno.R#L300                    ...) { ...
R/csAnno.R#L301               if (is.null(names(x))) { ...
R/csAnno.R#L302                   nn <- paste0("Peak", s ...
R/csAnno.R#L303                   warning("input is not  ...
R/csAnno.R#L304                   names(x) <- nn ...
R/csAnno.R#L305                   ## stop("input object  ...
R/csAnno.R#L306               } ...
R/csAnno.R#L307               anno <- lapply(x, getAnnoS ...
R/csAnno.R#L308               ## anno.df <- ldply(anno) ...
R/csAnno.R#L309               anno.df <- list_to_datafra ...
R/csAnno.R#L310               categoryColumn <- ".id" ...
R/csAnno.R#L311               plotAnnoBar.data.frame(ann ...
R/csAnno.R#L312           }) ...
R/csAnno.R#L331           function(x, ...
R/csAnno.R#L332                    xlab="", ...
R/csAnno.R#L333                    ylab="Percentage(%)", ...
R/csAnno.R#L334                    title="Feature Distri ...
R/csAnno.R#L335                    ...) { ...
R/csAnno.R#L336               anno.df <- getAnnoStat(x) ...
R/csAnno.R#L337               categoryColumn <- 1 ...
R/csAnno.R#L338               plotAnnoBar.data.frame(ann ...
R/csAnno.R#L339           }) ...
R/csAnno.R#L365           function(x, ...
R/csAnno.R#L366                    ndigit=2, ...
R/csAnno.R#L367                    cex=0.9, ...
R/csAnno.R#L368                    col=NA, ...
R/csAnno.R#L369                    legend.position="righ ...
R/csAnno.R#L370                    pie3D=FALSE, ...
R/csAnno.R#L371                    radius=0.8, ...
R/csAnno.R#L372                    ...){ ...
R/csAnno.R#L373               plotAnnoPie.csAnno(x, ndig ...
R/csAnno.R#L374           }) ...
R/csAnno.R#L386           function(x, distanceColumn="di ...
R/csAnno.R#L387                                      xla ...
R/csAnno.R#L388                                      tit ...
R/csAnno.R#L389                      distanceBreaks=c(0, ...
R/csAnno.R#L390                      palette = NULL, ... ...
R/csAnno.R#L391               if (is.null(names(x))) { ...
R/csAnno.R#L392                   nn <- paste0("Peak", s ...
R/csAnno.R#L393                   warning("input is not  ...
R/csAnno.R#L394                   names(x) <- nn ...
R/csAnno.R#L395                   ## stop("input object  ...
R/csAnno.R#L396               } ...
R/csAnno.R#L398               peakAnno <- lapply(x, as.d ...
R/csAnno.R#L399               ## peakDist <- ldply(peakA ...
R/csAnno.R#L400               peakDist <- list_to_datafr ...
R/csAnno.R#L401               categoryColumn <- ".id" ...
R/csAnno.R#L402               plotDistToTSS.data.frame(p ...
R/csAnno.R#L403                                        d ...
R/csAnno.R#L404                                        x ...
R/csAnno.R#L405           }) ...
R/csAnno.R#L430           function(x, distanceColumn="di ...
R/csAnno.R#L431                                      xla ...
R/csAnno.R#L432                                      tit ...
R/csAnno.R#L433                                      dis ...
R/csAnno.R#L434                                      pal ...
R/csAnno.R#L435               peakDist <- as.data.frame( ...
R/csAnno.R#L436               categoryColumn <- 1 ...
R/csAnno.R#L437               plotDistToTSS.data.frame(p ...
R/csAnno.R#L438                                        x ...
R/csAnno.R#L439           }) ...
R/dplyr-verb.R#L20   dots = rlang::quos(...) ...
R/dplyr-verb.R#L21   as.data.frame(.data) |>  ...
R/dplyr-verb.R#L48                            .keep = c("al ...
R/dplyr-verb.R#L49                            .before = NUL ...
R/dplyr-verb.R#L50                            .after = NULL ...
R/dplyr-verb.R#L51   dots = rlang::quos(...) ...
R/dplyr-verb.R#L52   df = as.data.frame(.data) ...
R/dplyr-verb.R#L53    ...
R/dplyr-verb.R#L54   if (!is.null(.before) && !is.null(.aft ...
R/dplyr-verb.R#L56   } ...
R/dplyr-verb.R#L57    ...
R/dplyr-verb.R#L58   if (!is.null(.before)) { ...
R/dplyr-verb.R#L60       dplyr::mutate(!!!dots, .by = .by,  ...
R/dplyr-verb.R#L61   } else if (!is.null(.after)) { ...
R/dplyr-verb.R#L63       dplyr::mutate(!!!dots, .by = .by,  ...
R/dplyr-verb.R#L64   } else { ...
R/dplyr-verb.R#L66   } ...
R/dplyr-verb.R#L67    ...
R/dplyr-verb.R#L68   df |>  ...
R/dplyr-verb.R#L88   dots <- rlang::quos(...) ...
R/dplyr-verb.R#L89   new <- as.data.frame(.data) |>  ...
R/dplyr-verb.R#L90           dplyr::rename(!!!dots) |>  ...
R/dplyr-verb.R#L91           GenomicRanges::makeGRangesFrom ...
R/dplyr-verb.R#L93   return(new) ...
R/dplyr-verb.R#L111   dots = rlang::quos(...) ...
R/dplyr-verb.R#L112   as.data.frame(.data) |>  ...
R/enrichOverlap.R#L27                                assignGen ...
R/enrichOverlap.R#L44                           assignGenomicA ...
R/enrichOverlap.R#L90                       tSample=tSample, ...
R/enrichOverlap.R#L91                       qLen=length(unique ...
R/enrichOverlap.R#L92                       tLen=unlist(lapply ...
R/enrichOverlap.R#L93                       N_OL=oln, ...
R/enrichOverlap.R#L94                       pvalue=p, ...
R/enrichOverlap.R#L95                       p.adjust=padj) ...
R/enrichOverlap.R#L124                               chainFile= ...
R/enrichOverlap.R#L146                               targetPeak ...
R/enrichOverlap.R#L147                               TxDb = TxD ...
R/enrichOverlap.R#L148                               pAdjustMet ...
R/enrichOverlap.R#L149                               nShuffle = ...
R/enrichOverlap.R#L150                               chainFile  ...
R/enrichOverlap.R#L151                               mc.cores = ...
R/enrichOverlap.R#L152                               verbose =  ...
R/enrichOverlap.R#L185                       tSample=tSample, ...
R/enrichOverlap.R#L186                       qLen=length(query. ...
R/enrichOverlap.R#L187                       tLen=unlist(lapply ...
R/enrichOverlap.R#L188                       N_OL=ol, ...
R/enrichOverlap.R#L189                       pvalue=p, ...
R/enrichOverlap.R#L190                       p.adjust=padj) ...
R/enrichOverlap.R#L252                          ) ...
R/enrichOverlap.R#L284                        ) ...
R/GEO.R#L37                       "genomeVersion")] ...
R/GEO.R#L112                           destfile=destf ...
R/GEO.R#L113                           mode="wb"), ...
R/GEO.R#L114                      error = function(e) ...
R/GEO.R#L218                              "from gsm w ...
R/GEO.R#L231                      getGenomicVersion(u ...
R/GEO.R#L232                                        g ...
R/GEO.R#L233                                        g ...
R/GEO.R#L234                                        g ...
R/GEO.R#L235                      ) ...
R/GEO.R#L242                              "from gse w ...
R/getBmMatrix.R#L14                               input, ...
R/getBmMatrix.R#L15                               BSgenome, ...
R/getBmMatrix.R#L16                               cover_dept ...
R/getBmMatrix.R#L17                               base = NUL ...
R/getBmMatrix.R#L18                               motif = NU ...
R/getBmMatrix.R#L19                               position_b ...
R/getBmMatrix.R#L21   list_flag <- FALSE ...
R/getBmMatrix.R#L22   if(nrow(region) != 1){ ...
R/getBmMatrix.R#L24   } ...
R/getBmMatrix.R#L26   ## check and assign the base ...
R/getBmMatrix.R#L27   if(is.null(base)){ ...
R/getBmMatrix.R#L31   }else{ ...
R/getBmMatrix.R#L34       stop("please input legal base...") ...
R/getBmMatrix.R#L36   } ...
R/getBmMatrix.R#L38   ## assign the motif ...
R/getBmMatrix.R#L39   if(is.null(motif)){ ...
R/getBmMatrix.R#L43       motif <- c("CG","CHH","CHG") ...
R/getBmMatrix.R#L44       warning("No motif was specified, \ ...
R/getBmMatrix.R#L49       motif <- c("AGG","AGAA","TAGG") ...
R/getBmMatrix.R#L50       warning("No motif was specified, \ ...
R/getBmMatrix.R#L55       stop("There is no default motif fo ...
R/getBmMatrix.R#L57   } ...
R/getBmMatrix.R#L59   ## we substitute the U with T in order ...
R/getBmMatrix.R#L60   motif <- gsub("U","T",motif) ...
R/getBmMatrix.R#L62   ## assign the position bias ...
R/getBmMatrix.R#L63   if(is.null(position_bias)){ ...
R/getBmMatrix.R#L68   }else{ ...
R/getBmMatrix.R#L71       stop("The length of position bias  ...
R/getBmMatrix.R#L74   } ...
R/getBmMatrix.R#L76   ## check the position motif ...
R/getBmMatrix.R#L77   for (i in seq_len(length(motif))) { ...
R/getBmMatrix.R#L81       stop("The ", position_bias[i]," po ...
R/getBmMatrix.R#L82            "please cheak the position bi ...
R/getBmMatrix.R#L84   } ...
R/getBmMatrix.R#L86   ## name the position bias ...
R/getBmMatrix.R#L87   names(position_bias) <- motif ...
R/getBmMatrix.R#L89   if(list_flag){ ...
R/getBmMatrix.R#L93       df[[i]] <- getBmMatrix.BSseq.inter ...
R/getBmMatrix.R#L102   }else{ ...
R/getBmMatrix.R#L104                                      inp ...
R/getBmMatrix.R#L105                                      BSg ...
R/getBmMatrix.R#L106                                      cov ...
R/getBmMatrix.R#L107                                      mot ...
R/getBmMatrix.R#L108                                      bas ...
R/getBmMatrix.R#L109                                      pos ...
R/getBmMatrix.R#L110   } ...
R/getBmMatrix.R#L112   return(df) ...
R/getBmMatrix.R#L121                                        i ...
R/getBmMatrix.R#L122                                        B ...
R/getBmMatrix.R#L123                                        c ...
R/getBmMatrix.R#L124                                        m ...
R/getBmMatrix.R#L125                                        b ...
R/getBmMatrix.R#L126                                        p ...
R/getBmMatrix.R#L129   ## load the reference of BSgenome ...
R/getBmMatrix.R#L130   BSgenome <- loadBSgenome(BSgenome) ...
R/getBmMatrix.R#L132   ## make the methylation from input obj ...
R/getBmMatrix.R#L133   methylation_reference <- make_Methylat ...
R/getBmMatrix.R#L135   ## extract methylation information for ...
R/getBmMatrix.R#L136   dmR_melth <- detect_strand_and_motif(r ...
R/getBmMatrix.R#L137                                        m ...
R/getBmMatrix.R#L138                                        B ...
R/getBmMatrix.R#L139                                        m ...
R/getBmMatrix.R#L140                                        i ...
R/getBmMatrix.R#L141                                        b ...
R/getBmMatrix.R#L142                                        p ...
R/getBmMatrix.R#L144   ## make the dataframe for plotting ...
R/getBmMatrix.R#L145   results <- as.data.frame(mcols(dmR_mel ...
R/getBmMatrix.R#L146   results$coordinate <- start(dmR_melth) ...
R/getBmMatrix.R#L147   results$strand <- as.character(strand( ...
R/getBmMatrix.R#L148   coordinate <- c(start(dmR_melth)[1]:st ...
R/getBmMatrix.R#L151   ## fill in the non-mentioned site ...
R/getBmMatrix.R#L152   coordinate <- data.frame(coordinate =  ...
R/getBmMatrix.R#L153   results <- merge(results,coordinate,by ...
R/getBmMatrix.R#L154   results$motif[is.na(results$motif)] <- ...
R/getBmMatrix.R#L155   results[is.na(results)] <- 0 ...
R/getBmMatrix.R#L157   ## global binding for value ...
R/getBmMatrix.R#L158   value <- NULL ...
R/getBmMatrix.R#L160   if (cover_depth) { ...
R/getBmMatrix.R#L169   }else{ ...
R/getBmMatrix.R#L173   } ...
R/getBmMatrix.R#L175   df$strand[df$strand == 0] <- "*" ...
R/getBmMatrix.R#L177   ## assign attributes to df ...
R/getBmMatrix.R#L178   attr(df,"chromosome") <- paste0("chr", ...
R/getBmMatrix.R#L179   return(df) ...
R/getBmMatrix.R#L196                                input, ...
R/getBmMatrix.R#L197                                BSgenome, ...
R/getBmMatrix.R#L198                                base = NU ...
R/getBmMatrix.R#L199                                motif = N ...
R/getBmMatrix.R#L200                                position_ ...
R/getBmMatrix.R#L202   list_flag <- FALSE ...
R/getBmMatrix.R#L203   if(nrow(region) != 1){ ...
R/getBmMatrix.R#L205   } ...
R/getBmMatrix.R#L207   ## check and assign the base ...
R/getBmMatrix.R#L208   if(is.null(base)){ ...
R/getBmMatrix.R#L212   }else{ ...
R/getBmMatrix.R#L215       stop("please input legal base...") ...
R/getBmMatrix.R#L217   } ...
R/getBmMatrix.R#L219   ## assign the motif ...
R/getBmMatrix.R#L220   if(is.null(motif)){ ...
R/getBmMatrix.R#L224       motif <- c("CG","CHH","CHG") ...
R/getBmMatrix.R#L225       warning("No motif was specified, \ ...
R/getBmMatrix.R#L230       motif <- c("AGG","AGAA","TAGG") ...
R/getBmMatrix.R#L231       warning("No motif was specified, \ ...
R/getBmMatrix.R#L236       stop("There is no default motif fo ...
R/getBmMatrix.R#L238   } ...
R/getBmMatrix.R#L240   ## we substitute the U with T in order ...
R/getBmMatrix.R#L241   motif <- gsub("U","T",motif) ...
R/getBmMatrix.R#L243   ## assign the position bias ...
R/getBmMatrix.R#L244   if(is.null(position_bias)){ ...
R/getBmMatrix.R#L249   }else{ ...
R/getBmMatrix.R#L252       stop("The length of position bias  ...
R/getBmMatrix.R#L255   } ...
R/getBmMatrix.R#L257   ## check the position motif ...
R/getBmMatrix.R#L258   for (i in seq_len(length(motif))) { ...
R/getBmMatrix.R#L262       stop("The ", position_bias[i]," po ...
R/getBmMatrix.R#L263            "please cheak the position bi ...
R/getBmMatrix.R#L265   } ...
R/getBmMatrix.R#L267   ## name the position bias ...
R/getBmMatrix.R#L268   names(position_bias) <- motif ...
R/getBmMatrix.R#L270   if(list_flag){ ...
R/getBmMatrix.R#L274       df[[i]] <- getBmMatrix.bmData.inte ...
R/getBmMatrix.R#L275                                          ...
R/getBmMatrix.R#L276                                          ...
R/getBmMatrix.R#L277                                          ...
R/getBmMatrix.R#L278                                          ...
R/getBmMatrix.R#L279                                          ...
R/getBmMatrix.R#L282   }else{ ...
R/getBmMatrix.R#L284                                       in ...
R/getBmMatrix.R#L285                                       BS ...
R/getBmMatrix.R#L286                                       mo ...
R/getBmMatrix.R#L287                                       ba ...
R/getBmMatrix.R#L288                                       po ...
R/getBmMatrix.R#L289   } ...
R/getBmMatrix.R#L291   return(df) ...
R/getBmMatrix.R#L308   ## load the reference of BSgenome ...
R/getBmMatrix.R#L309   BSgenome <- loadBSgenome(BSgenome) ...
R/getBmMatrix.R#L311   ## make the reference from input objec ...
R/getBmMatrix.R#L312   methylation_reference <- make_referenc ...
R/getBmMatrix.R#L314   ## extract  information for region obj ...
R/getBmMatrix.R#L315   dmR_melth <- detect_strand_and_motif(r ...
R/getBmMatrix.R#L316                                        m ...
R/getBmMatrix.R#L317                                        B ...
R/getBmMatrix.R#L318                                        m ...
R/getBmMatrix.R#L319                                        i ...
R/getBmMatrix.R#L320                                        b ...
R/getBmMatrix.R#L321                                        p ...
R/getBmMatrix.R#L323   ## make the dataframe for plotting ...
R/getBmMatrix.R#L324   results <- as.data.frame(mcols(dmR_mel ...
R/getBmMatrix.R#L325   results$coordinate <- start(dmR_melth) ...
R/getBmMatrix.R#L326   results$strand <- as.character(strand( ...
R/getBmMatrix.R#L327   coordinate <- c(start(dmR_melth)[1]:st ...
R/getBmMatrix.R#L330   ## fill in the non-mentioned site ...
R/getBmMatrix.R#L331   coordinate <- data.frame(coordinate =  ...
R/getBmMatrix.R#L332   results <- merge(results,coordinate,by ...
R/getBmMatrix.R#L333   results$motif[is.na(results$motif)] <- ...
R/getBmMatrix.R#L334   results[is.na(results)] <- 0 ...
R/getBmMatrix.R#L336   ## global binding for value ...
R/getBmMatrix.R#L337   value <- NULL ...
R/getBmMatrix.R#L339   aName <- assayNames(input) ...
R/getBmMatrix.R#L341   n0 <- length(aName) ...
R/getBmMatrix.R#L343   if(n0 == 2){ ...
R/getBmMatrix.R#L346       value2_content <- names(results)[g ...
R/getBmMatrix.R#L347       value1_content <- names(results)[g ...
R/getBmMatrix.R#L348       content <- c(value1_content,value2 ...
R/getBmMatrix.R#L349       df <- gather(results, sample, valu ...
R/getBmMatrix.R#L350       df$type <- rep(paste0(aName[1],aNa ...
R/getBmMatrix.R#L351       df$type[grep(aName[2],df$sample)]  ...
R/getBmMatrix.R#L352       df$type[df$type != aName[2]] <- aN ...
R/getBmMatrix.R#L353       df$sample <- gsub(paste0("_",aName ...
R/getBmMatrix.R#L354       df$sample <- gsub(paste0("_",aName ...
R/getBmMatrix.R#L356       value1_content <- names(results)[g ...
R/getBmMatrix.R#L357       value2_content <- names(results)[g ...
R/getBmMatrix.R#L358       content <- c(value1_content,value2 ...
R/getBmMatrix.R#L359       df <- gather(results, sample, valu ...
R/getBmMatrix.R#L360       df$type <- rep(paste0(aName[1],aNa ...
R/getBmMatrix.R#L361       df$type[grep(aName[1],df$sample)]  ...
R/getBmMatrix.R#L362       df$type[df$type != aName[1]] <- aN ...
R/getBmMatrix.R#L363       df$sample <- gsub(paste0("_",aName ...
R/getBmMatrix.R#L364       df$sample <- gsub(paste0("_",aName ...
R/getBmMatrix.R#L367   }else{ ...
R/getBmMatrix.R#L373   } ...
R/getBmMatrix.R#L375   df$strand[df$strand == 0] <- "*" ...
R/getBmMatrix.R#L377   ## assign attributes to df ...
R/getBmMatrix.R#L378   attr(df, "data") <- "bmData" ...
R/getBmMatrix.R#L379   attr(df,"chromosome") <- paste0("chr", ...
R/getBmMatrix.R#L380   return(df) ...
R/getFlankingGene.R#L36                   start(peak.gr2[qh]) -  ...
R/getFlankingGene.R#L37                   end(featureHit)-end(pe ...
R/getFlankingGene.R#L40                   end(peak.gr2[qh]) - st ...
R/getFlankingGene.R#L41                   end(featureHit)-start( ...
R/getFlankingGene.R#L55                    flank_geneIds=paste(g ...
R/getFlankingGene.R#L56                    flank_gene_distances= ...
R/getFlankingGene.R#L62                    flank_gene_distances= ...
R/getGenomicAnnotation.R#L29                                  distanc ...
R/getGenomicAnnotation.R#L30                                  tssRegi ...
R/getGenomicAnnotation.R#L31                                  TxDb, ...
R/getGenomicAnnotation.R#L32                                  level, ...
R/getGenomicAnnotation.R#L33                                  genomic ...
R/getGenomicAnnotation.R#L34                                  sameStr ...
R/getGenomicAnnotation.R#L35                                  ) { ...
R/getGenomicAnnotation.R#L72                  detailGenomicAnnotation ...
R/getGenomicAnnotation.R#L118                                    annot ...
R/getGenomicAnnotation.R#L122                                    abs(d ...
R/getGenomicAnnotation.R#L123                                    annot ...
R/getGenomicAnnotation.R#L267                       " of ", GRegionLen ...
R/getGenomicAnnotation.R#L270                       " of ", GRegionLen ...
R/getMotifMatrix.R#L126                              coordinate  ...
R/getMotifMatrix.R#L127                                          ...
R/getMotifMatrix.R#L128                                          ...
R/getNearestFeatureIndicesAndDistances.R#L19                                          ...
R/getNearestFeatureIndicesAndDistances.R#L20                                          ...
R/getNearestFeatureIndicesAndDistances.R#L21                                          ...
R/getNearestFeatureIndicesAndDistances.R#L22                                          ...
R/getNearestFeatureIndicesAndDistances.R#L23                                          ...
R/getNearestFeatureIndicesAndDistances.R#L134                                          ...
R/makeBmData.R#L14           function(data, ...
R/makeBmData.R#L15                    sampleNames=NULL){ ...
R/makeBmData.R#L19               chr <- as.character(seqnam ...
R/makeBmData.R#L20               pos <- start(x) ...
R/makeBmData.R#L21               valueNames <- names(mcols( ...
R/makeBmData.R#L23               df <- data.frame(chr=chr,p ...
R/makeBmData.R#L25               mcol <- as.data.frame(mcol ...
R/makeBmData.R#L26               df <- data.frame(df,mcol) ...
R/makeBmData.R#L28               colnames(df) <- c("chr","p ...
R/makeBmData.R#L30               return(df) ...
R/makeBmData.R#L36           }) ...
R/makeBmData.R#L52           function(data, ...
R/makeBmData.R#L53                    sampleNames=NULL){ ...
R/makeBmData.R#L71           }) ...
R/makeBmData.R#L90           function(data, ...
R/makeBmData.R#L91                    sampleNames=NULL){ ...
R/makeBmData.R#L95               stop("pls input colnames t ...
R/makeBmData.R#L101           }) ...
R/makeBmData.R#L121           function(data, ...
R/makeBmData.R#L122                    sampleNames=NULL){ ...
R/makeBmData.R#L125               n0 <- ncol(data)-2 ...
R/makeBmData.R#L126               colnames(data) <- paste0(" ...
R/makeBmData.R#L134           }) ...
R/makeBmData.R#L155   n0 <- length(colnames(data[[1]]))-2 ...
R/makeBmData.R#L157   ## check the sampleNames ...
R/makeBmData.R#L158   sampleNames <- .check_and_make_sampleN ...
R/makeBmData.R#L160   ## check variables names in data ...
R/makeBmData.R#L161   if(!.check_variables_names(data)){ ...
R/makeBmData.R#L163   } ...
R/makeBmData.R#L166   if(n0 == 1){ ...
R/makeBmData.R#L168   }else{ ...
R/makeBmData.R#L170   } ...
R/makeBmData.R#L172   return(bmData) ...
R/makeBmData.R#L180   n0 <- length(data) ...
R/makeBmData.R#L181   allDat <- data.frame(data[[1]][,c(1:2) ...
R/makeBmData.R#L182   valueNames <- colnames(data[[1]])[3] ...
R/makeBmData.R#L184   ## merge data ...
R/makeBmData.R#L185   for(i in 1:n0){ ...
R/makeBmData.R#L187   } ...
R/makeBmData.R#L189   colnames(allDat) <- c("chr","pos",samp ...
R/makeBmData.R#L191   ## order the allDat ...
R/makeBmData.R#L192   chr <- pos <- NULL ...
R/makeBmData.R#L194   allDat.ordered <- arrange(allDat,chr,p ...
R/makeBmData.R#L196   value1 <- as.matrix(allDat.ordered[,sa ...
R/makeBmData.R#L199   bmData <- bmData(chr = allDat.ordered$ ...
R/makeBmData.R#L200                    pos = allDat.ordered$ ...
R/makeBmData.R#L201                    value1 = value1, ...
R/makeBmData.R#L202                    sampleNames = sampleN ...
R/makeBmData.R#L203                    valueNames = valueNam ...
R/makeBmData.R#L205   return(bmData) ...
R/makeBmData.R#L212   n0 <- length(data) ...
R/makeBmData.R#L213   allDat_value1 <- data.frame(data[[1]][ ...
R/makeBmData.R#L214   allDat_value2 <- data.frame(data[[1]][ ...
R/makeBmData.R#L215   value1_name <- colnames(data[[1]])[3] ...
R/makeBmData.R#L216   value2_name <- colnames(data[[1]])[4] ...
R/makeBmData.R#L217   colnames(data[[1]])[3] <- paste0(value ...
R/makeBmData.R#L218   colnames(data[[1]])[4] <- paste0(value ...
R/makeBmData.R#L220   ## merge data ...
R/makeBmData.R#L221   for(i in 1:n0){ ...
R/makeBmData.R#L228   } ...
R/makeBmData.R#L230   colnames(allDat_value1) <- c("chr","po ...
R/makeBmData.R#L231   colnames(allDat_value2) <- c("chr","po ...
R/makeBmData.R#L233   allDat_value1[is.na(allDat_value1)] <- ...
R/makeBmData.R#L234   allDat_value2[is.na(allDat_value2)] <- ...
R/makeBmData.R#L236   ## order the allDat ...
R/makeBmData.R#L237   chr <- pos <- NULL ...
R/makeBmData.R#L239   allDat_value1.ordered <- arrange(allDa ...
R/makeBmData.R#L240   allDat_value2.ordered <- arrange(allDa ...
R/makeBmData.R#L242   value1 <- as.matrix(allDat_value1.orde ...
R/makeBmData.R#L243   value2 <- as.matrix(allDat_value2.orde ...
R/makeBmData.R#L245   bmData <- bmData(chr = allDat_value1.o ...
R/makeBmData.R#L246                    pos = allDat_value1.o ...
R/makeBmData.R#L247                    value1 = value1, ...
R/makeBmData.R#L248                    value2 = value2, ...
R/makeBmData.R#L249                    sampleNames = sampleN ...
R/makeBmData.R#L250                    valueNames = c(value1 ...
R/makeBmData.R#L252   return(bmData) ...
R/makeBmData.R#L277   ## check the name of file ...
R/makeBmData.R#L278   if(!is.character(name)) stop("pls inpu ...
R/makeBmData.R#L280   if(file_test("-d", name)){ ...
R/makeBmData.R#L285   }else{ ...
R/makeBmData.R#L289   } ...
R/makeBmData.R#L291   result <- makeBmDataFromData(data = da ...
R/makeBmData.R#L292                                sampleNam ...
R/makeBmData.R#L303   ## check the file type ...
R/makeBmData.R#L304   file_type <- gsub(".*\\.","",list.file ...
R/makeBmData.R#L306   file_type <- file_type[!duplicated(fil ...
R/makeBmData.R#L308   if(length(file_type) != 1){ ...
R/makeBmData.R#L312   } ...
R/makeBmData.R#L314   if(is.null(variablesNames)){ ...
R/makeBmData.R#L317   } ...
R/makeBmData.R#L319   bed_flag <- all(unlist(lapply(list.fil ...
R/makeBmData.R#L321   if(bed_flag){ ...
R/makeBmData.R#L324       cat(">> reading",x, format(Sys.tim ...
R/makeBmData.R#L326       tmp=readPeakFile(file.path(name,x) ...
R/makeBmData.R#L328       if(is.null(variablesNames)){ ...
R/makeBmData.R#L331       } ...
R/makeBmData.R#L333       names(mcols(tmp)) <- variablesName ...
R/makeBmData.R#L335       return(tmp) ...
R/makeBmData.R#L341   } ...
R/makeBmData.R#L343   data_list <- lapply(list.files(name),f ...
R/makeBmData.R#L349       n0 <- ncol(tmp)-2 ...
R/makeBmData.R#L350       variablesNames <- paste0("value",1 ...
R/makeBmData.R#L355   }) ...
R/makeBmData.R#L357   return(data_list) ...
R/makeBmData.R#L366   if(is.null(variablesNames)){ ...
R/makeBmData.R#L369   } ...
R/makeBmData.R#L375   if(isBedFile(name)){ ...
R/makeBmData.R#L382       n0 <- length(names(mcols(data))) ...
R/makeBmData.R#L383       variablesNames <- paste0("value",1 ...
R/makeBmData.R#L389   } ...
R/makeBmData.R#L391   cat(">> reading",name, format(Sys.time ...
R/makeBmData.R#L392   data=fread(name) ...
R/makeBmData.R#L394   if(is.null(variablesNames)){ ...
R/makeBmData.R#L397   } ...
R/makeBmData.R#L399   colnames(data)=c('chr', 'pos' ,variabl ...
R/makeBmData.R#L400   return(data) ...
R/plotAnno.R#L26                                    xlab= ...
R/plotAnno.R#L27                                    ylab= ...
R/plotAnno.R#L28                                    title ...
R/plotAnno.R#L29                                    categ ...
R/plotAnno.R#L92  } ...
R/plotAnno.R#L136                       ndigit=2, ...
R/plotAnno.R#L137                       cex=1, ...
R/plotAnno.R#L138                       ...){ ...
R/plotAnno.R#L145               labels=paste(anno.df$Featu ...
R/plotAnno.R#L146                            paste(round(a ...
R/plotAnno.R#L147                            ")", sep=""), ...
R/plotAnno.R#L148                labelcex=cex, ...
R/plotAnno.R#L149                col=col, ...
R/plotAnno.R#L150                ...) ...
R/plotBmProf.R#L55                        motif_color = NUL ...
R/plotBmProf.R#L56                        title = NULL, ...
R/plotBmProf.R#L57                        xlim = NULL, ...
R/plotBmProf.R#L58                        interactive = FAL ...
R/plotBmProf.R#L59                        width_svg = 10,  ...
R/plotBmProf.R#L60                        height_svg = 6, ...
R/plotBmProf.R#L61                        highlight = NULL, ...
R/plotBmProf.R#L62                        highlight_color = ...
R/plotBmProf.R#L63                        highlight_alpha = ...
R/plotBmProf.R#L64                        xlab = "Genomic R ...
R/plotBmProf.R#L65                        ylab = NULL, ...
R/plotBmProf.R#L66                        second_ylab = NUL ...
R/plotBmProf.R#L67                        switch_y_value =  ...
R/plotBmProf.R#L68                        legend_lab_motif  ...
R/plotBmProf.R#L69                        legend_lab_value2 ...
R/plotBmProf.R#L70                        strip_placement = ...
R/plotBmProf.R#L71                        angle_of_facet_la ...
R/plotBmProf.R#L72                        alpha = 0.6, ...
R/plotBmProf.R#L73                        y_ticks_length =  ...
R/plotBmProf.R#L74                        x_ticks_length =  ...
R/plotBmProf.R#L75                        auto_x_axis = TRU ...
R/plotBmProf.R#L76                        strip_border = FA ...
R/plotBmProf.R#L77                        facet_label_text_ ...
R/plotBmProf.R#L78                        axis_title_text_s ...
R/plotBmProf.R#L79                        title_text_size = ...
R/plotBmProf.R#L80                        right_y_axis_text ...
R/plotBmProf.R#L81                        left_y_axis_text_ ...
R/plotBmProf.R#L82                        x_axis_text_size  ...
R/plotBmProf.R#L83                        depth_heatmap = T ...
R/plotBmProf.R#L84                        nrow = NULL, ...
R/plotBmProf.R#L85                        ncol = NULL, ...
R/plotBmProf.R#L86                        panel_spacing = 1 ...
R/plotBmProf.R#L87                        legend_box_spacin ...
R/plotBmProf.R#L88                        legend_position = ...
R/plotBmProf.R#L90   # assign default value for label ...
R/plotBmProf.R#L91   if(is(df,"list")){ ...
R/plotBmProf.R#L93   }else{ ...
R/plotBmProf.R#L95   } ...
R/plotBmProf.R#L97   vName <- unique(tmpdf$type) ...
R/plotBmProf.R#L98   n0 <- length(vName) ...
R/plotBmProf.R#L101   if(is.null(legend_lab_motif )){ ...
R/plotBmProf.R#L103   } ...
R/plotBmProf.R#L105   if(n0 == 1){ ...
R/plotBmProf.R#L107   }else{ ...
R/plotBmProf.R#L113       vName1 <- vName[2] ...
R/plotBmProf.R#L114       vName2 <- vName[1] ...
R/plotBmProf.R#L120   } ...
R/plotBmProf.R#L122   if(is.null(nrow) && is.null(ncol)){ ...
R/plotBmProf.R#L124   } ...
R/plotBmProf.R#L126   if(is(df,"list")){ ...
R/plotBmProf.R#L131       if(length(xlab) != length(df)){ ...
R/plotBmProf.R#L133       } ...
R/plotBmProf.R#L137       xlab <- rep(xlab, length(df)) ...
R/plotBmProf.R#L143       if(length(ylab) != length(df)){ ...
R/plotBmProf.R#L145       } ...
R/plotBmProf.R#L149       ylab <- rep(ylab, length(df)) ...
R/plotBmProf.R#L156       if(length(xlim != length(df))){ ...
R/plotBmProf.R#L158       } ...
R/plotBmProf.R#L163       if(length(title) != length(df)){ ...
R/plotBmProf.R#L165       } ...
R/plotBmProf.R#L167       temp <- list() ...
R/plotBmProf.R#L169       for (i in seq_len(length(df))) { ...
R/plotBmProf.R#L172                                  motif_c ...
R/plotBmProf.R#L173                                  title = ...
R/plotBmProf.R#L174                                  xlim =  ...
R/plotBmProf.R#L175                                  interac ...
R/plotBmProf.R#L176                                  width_s ...
R/plotBmProf.R#L177                                  height_ ...
R/plotBmProf.R#L178                                  highlig ...
R/plotBmProf.R#L179                                  highlig ...
R/plotBmProf.R#L180                                  highlig ...
R/plotBmProf.R#L181                                  xlab =  ...
R/plotBmProf.R#L182                                  ylab =  ...
R/plotBmProf.R#L183                                  second_ ...
R/plotBmProf.R#L184                                  switch_ ...
R/plotBmProf.R#L185                                  legend_ ...
R/plotBmProf.R#L186                                  legend_ ...
R/plotBmProf.R#L187                                  strip_p ...
R/plotBmProf.R#L188                                  angle_o ...
R/plotBmProf.R#L189                                  alpha = ...
R/plotBmProf.R#L190                                  y_ticks ...
R/plotBmProf.R#L191                                  x_ticks ...
R/plotBmProf.R#L192                                  auto_x_ ...
R/plotBmProf.R#L193                                  strip_b ...
R/plotBmProf.R#L194                                  facet_l ...
R/plotBmProf.R#L195                                  axis_ti ...
R/plotBmProf.R#L196                                  title_t ...
R/plotBmProf.R#L197                                  right_y ...
R/plotBmProf.R#L198                                  left_y_ ...
R/plotBmProf.R#L199                                  x_axis_ ...
R/plotBmProf.R#L200                                  depth_h ...
R/plotBmProf.R#L201                                  panel_s ...
R/plotBmProf.R#L202                                  legend_ ...
R/plotBmProf.R#L203                                  legend_ ...
R/plotBmProf.R#L206       } ...
R/plotBmProf.R#L208       p <- plot_list(gglist = temp, ...
R/plotBmProf.R#L209                      ncol = ncol, ...
R/plotBmProf.R#L210                      nrow = nrow) ...
R/plotBmProf.R#L211       return(p) ...
R/plotBmProf.R#L219       p <- plotBmProf.internal(df = df[[ ...
R/plotBmProf.R#L220                                motif_col ...
R/plotBmProf.R#L221                                title = t ...
R/plotBmProf.R#L222                                xlim = xl ...
R/plotBmProf.R#L223                                highlight ...
R/plotBmProf.R#L224                                highlight ...
R/plotBmProf.R#L225                                highlight ...
R/plotBmProf.R#L226                                interacti ...
R/plotBmProf.R#L227                                width_svg ...
R/plotBmProf.R#L228                                height_sv ...
R/plotBmProf.R#L229                                xlab = xl ...
R/plotBmProf.R#L230                                ylab = yl ...
R/plotBmProf.R#L231                                second_yl ...
R/plotBmProf.R#L232                                switch_y_ ...
R/plotBmProf.R#L233                                legend_la ...
R/plotBmProf.R#L234                                legend_la ...
R/plotBmProf.R#L235                                strip_pla ...
R/plotBmProf.R#L236                                angle_of_ ...
R/plotBmProf.R#L237                                alpha = a ...
R/plotBmProf.R#L238                                y_ticks_l ...
R/plotBmProf.R#L239                                x_ticks_l ...
R/plotBmProf.R#L240                                auto_x_ax ...
R/plotBmProf.R#L241                                strip_bor ...
R/plotBmProf.R#L242                                facet_lab ...
R/plotBmProf.R#L243                                axis_titl ...
R/plotBmProf.R#L244                                title_tex ...
R/plotBmProf.R#L245                                right_y_a ...
R/plotBmProf.R#L246                                left_y_ax ...
R/plotBmProf.R#L247                                x_axis_te ...
R/plotBmProf.R#L248                                depth_hea ...
R/plotBmProf.R#L249                                panel_spa ...
R/plotBmProf.R#L250                                legend_bo ...
R/plotBmProf.R#L251                                legend_po ...
R/plotBmProf.R#L253       temp[[i]] <- p ...
R/plotBmProf.R#L258                    ncol = ncol, ...
R/plotBmProf.R#L259                    nrow = nrow) ...
R/plotBmProf.R#L262   }else{ ...
R/plotBmProf.R#L264                              motif_color ...
R/plotBmProf.R#L265                              title = tit ...
R/plotBmProf.R#L266                              xlim = xlim ...
R/plotBmProf.R#L267                              highlight = ...
R/plotBmProf.R#L268                              highlight_c ...
R/plotBmProf.R#L269                              highlight_a ...
R/plotBmProf.R#L270                              xlab = xlab ...
R/plotBmProf.R#L271                              ylab = ylab ...
R/plotBmProf.R#L272                              interactive ...
R/plotBmProf.R#L273                              width_svg = ...
R/plotBmProf.R#L274                              height_svg  ...
R/plotBmProf.R#L275                              second_ylab ...
R/plotBmProf.R#L276                              switch_y_va ...
R/plotBmProf.R#L277                              legend_lab_ ...
R/plotBmProf.R#L278                              legend_lab_ ...
R/plotBmProf.R#L279                              strip_place ...
R/plotBmProf.R#L280                              angle_of_fa ...
R/plotBmProf.R#L281                              alpha = alp ...
R/plotBmProf.R#L282                              y_ticks_len ...
R/plotBmProf.R#L283                              x_ticks_len ...
R/plotBmProf.R#L284                              auto_x_axis ...
R/plotBmProf.R#L285                              strip_borde ...
R/plotBmProf.R#L286                              facet_label ...
R/plotBmProf.R#L287                              axis_title_ ...
R/plotBmProf.R#L288                              title_text_ ...
R/plotBmProf.R#L289                              right_y_axi ...
R/plotBmProf.R#L290                              left_y_axis ...
R/plotBmProf.R#L291                              x_axis_text ...
R/plotBmProf.R#L292                              depth_heatm ...
R/plotBmProf.R#L293                              panel_spaci ...
R/plotBmProf.R#L294                              legend_box_ ...
R/plotBmProf.R#L295                              legend_posi ...
R/plotBmProf.R#L296   } ...
R/plotBmProf.R#L299   return(p) ...
R/plotBmProf.R#L353   # extract coordinate information ...
R/plotBmProf.R#L354   coordinate <- unique(df$coordinate) ...
R/plotBmProf.R#L355   df_chr <- attr(df,"chromosome") ...
R/plotBmProf.R#L357   vName <- unique(df$type) ...
R/plotBmProf.R#L358   n0 <- length(vName) ...
R/plotBmProf.R#L360   if(n0 == 1){ ...
R/plotBmProf.R#L364   }else{ ...
R/plotBmProf.R#L369       vName1 <- vName[2] ...
R/plotBmProf.R#L370       vName2 <- vName[1] ...
R/plotBmProf.R#L375   } ...
R/plotBmProf.R#L377   # flip the value on minus strand ...
R/plotBmProf.R#L378   df$value[df$type == vName1 & df$strand ...
R/plotBmProf.R#L381   if(!is.null(xlim)){ ...
R/plotBmProf.R#L386       df <- df[df$coordinate %in% coordi ...
R/plotBmProf.R#L388       new_df <- list() ...
R/plotBmProf.R#L389       for(type_idx in unique(df$type)){ ...
R/plotBmProf.R#L390           for(sample_idx in unique(df$sa ...
R/plotBmProf.R#L391               tmp <- df[df$type == type_ ...
R/plotBmProf.R#L392               tmp_df <- data.frame(coord ...
R/plotBmProf.R#L393               tmp_merge <- merge(tmp, tm ...
R/plotBmProf.R#L394               tmp_merge$motif[is.na(tmp_ ...
R/plotBmProf.R#L395               tmp_merge$strand[is.na(tmp ...
R/plotBmProf.R#L396               tmp_merge$sample[is.na(tmp ...
R/plotBmProf.R#L397               tmp_merge$value[is.na(tmp_ ...
R/plotBmProf.R#L398               tmp_merge$type[is.na(tmp_m ...
R/plotBmProf.R#L400               new_df[[paste0(type_idx, s ...
R/plotBmProf.R#L401           } ...
R/plotBmProf.R#L402       } ...
R/plotBmProf.R#L403       df <- do.call("rbind", new_df) ...
R/plotBmProf.R#L410   }else{ ...
R/plotBmProf.R#L414   } ...
R/plotBmProf.R#L417   # replace the "none" with unique(df$mo ...
R/plotBmProf.R#L418   # every information in "none" item is  ...
R/plotBmProf.R#L419   none_fill_in <- unique(df$motif[df$mot ...
R/plotBmProf.R#L420   df$motif[df$motif == "none"] <- none_f ...
R/plotBmProf.R#L422   # extract the tiltle information ...
R/plotBmProf.R#L423   if(is.null(title)){ ...
R/plotBmProf.R#L430   } ...
R/plotBmProf.R#L433   # global binding for value and motif ...
R/plotBmProf.R#L434   value <- motif <- NULL ...
R/plotBmProf.R#L436   if(n0 == 2){ ...
R/plotBmProf.R#L460       positive_strand_temp <- df[1,] ...
R/plotBmProf.R#L461       positive_strand_temp$value <- 0 ...
R/plotBmProf.R#L465       negative_strand_temp$coordinate <- ...
R/plotBmProf.R#L466       negative_strand_temp$value <- 0 ...
R/plotBmProf.R#L472       # p <- ggplot() + ...
R/plotBmProf.R#L473       #       geom_col_interactive(data  ...
R/plotBmProf.R#L474       #                            mappi ...
R/plotBmProf.R#L475       #                                  ...
R/plotBmProf.R#L476       #                                  ...
R/plotBmProf.R#L477       #                                  ...
R/plotBmProf.R#L478       #                            size  ...
R/plotBmProf.R#L479       #       geom_line_interactive(data ...
R/plotBmProf.R#L480       #                             mapp ...
R/plotBmProf.R#L481       #                                  ...
R/plotBmProf.R#L482       #                                  ...
R/plotBmProf.R#L483       #                                  ...
R/plotBmProf.R#L484       #                             colo ...
R/plotBmProf.R#L485       #       geom_line_interactive(data ...
R/plotBmProf.R#L486       #                             mapp ...
R/plotBmProf.R#L487       #                                  ...
R/plotBmProf.R#L488       #                                  ...
R/plotBmProf.R#L489       #                                  ...
R/plotBmProf.R#L490       #                             colo ...
R/plotBmProf.R#L491       #       labs(linetype = vName2) ...
R/plotBmProf.R#L493       p <- ggplot() + ...
R/plotBmProf.R#L495                                  mapping ...
R/plotBmProf.R#L496                                          ...
R/plotBmProf.R#L497                                          ...
R/plotBmProf.R#L498                                          ...
R/plotBmProf.R#L499                                  size =  ...
R/plotBmProf.R#L501                       mapping = aes(x=co ...
R/plotBmProf.R#L502                       color = "#868686FF ...
R/plotBmProf.R#L504                       mapping = aes(x=co ...
R/plotBmProf.R#L505                       color = "#868686FF ...
R/plotBmProf.R#L509       p <- ggplot(df)+ ...
R/plotBmProf.R#L513                       mapping = aes(x=co ...
R/plotBmProf.R#L514                       color = "#868686FF ...
R/plotBmProf.R#L516                       mapping = aes(x=co ...
R/plotBmProf.R#L517                       color = "#868686FF ...
R/plotBmProf.R#L529       scale_y_continuous(sec.axis = sec_ ...
R/plotBmProf.R#L530                                          ...
R/plotBmProf.R#L531                                          ...
R/plotBmProf.R#L534                                          ...
R/plotBmProf.R#L537                          breaks = c((-1) ...
R/plotBmProf.R#L538                          labels = c(past ...
R/plotBmProf.R#L544   }else{ ...
R/plotBmProf.R#L548       p <- ggplot(df) + ...
R/plotBmProf.R#L550                                          ...
R/plotBmProf.R#L551                                          ...
R/plotBmProf.R#L552                                          ...
R/plotBmProf.R#L554                                          ...
R/plotBmProf.R#L555                                          ...
R/plotBmProf.R#L556                                          ...
R/plotBmProf.R#L557                                          ...
R/plotBmProf.R#L559                                          ...
R/plotBmProf.R#L560                                          ...
R/plotBmProf.R#L561                                          ...
R/plotBmProf.R#L562                                          ...
R/plotBmProf.R#L564       p <- ggplot(df) + ...
R/plotBmProf.R#L569                                          ...
R/plotBmProf.R#L570                                          ...
R/plotBmProf.R#L571                                          ...
R/plotBmProf.R#L572                                          ...
R/plotBmProf.R#L574                                          ...
R/plotBmProf.R#L575                                          ...
R/plotBmProf.R#L576                                          ...
R/plotBmProf.R#L577                                          ...
R/plotBmProf.R#L580   } ...
R/plotBmProf.R#L582   p <- p + theme_classic() ...
R/plotBmProf.R#L583    ...
R/plotBmProf.R#L585   if(!is.null(highlight)){ ...
R/plotBmProf.R#L589       if(is(highlight, "list")){ ...
R/plotBmProf.R#L594                               xmin = tmp ...
R/plotBmProf.R#L595                               ymin = -va ...
R/plotBmProf.R#L596                               fill = hig ...
R/plotBmProf.R#L601                           xmin = highlig ...
R/plotBmProf.R#L602                           ymin = -value1 ...
R/plotBmProf.R#L603                           fill = highlig ...
R/plotBmProf.R#L604       } ...
R/plotBmProf.R#L609           if(is(highlight, "list")){ ...
R/plotBmProf.R#L614                               xmin = tmp ...
R/plotBmProf.R#L615                               ymin = -va ...
R/plotBmProf.R#L616                               fill = hig ...
R/plotBmProf.R#L621                           xmin = highlig ...
R/plotBmProf.R#L622                           ymin = -value2 ...
R/plotBmProf.R#L623                           fill = highlig ...
R/plotBmProf.R#L624       } ...
R/plotBmProf.R#L630   } ...
R/plotBmProf.R#L632   # facet the plot by sample ...
R/plotBmProf.R#L634   if(length(unique(df$sample)) > 1){ ...
R/plotBmProf.R#L636           theme(strip.text.y = element_t ...
R/plotBmProf.R#L640   } ...
R/plotBmProf.R#L644   if(!strip_border){ ...
R/plotBmProf.R#L646   } ...
R/plotBmProf.R#L648   # design new x-axis ...
R/plotBmProf.R#L649   p <- p +theme(axis.line.x = element_bl ...
R/plotBmProf.R#L652   # reorganize the x-axis text ...
R/plotBmProf.R#L653   if(!auto_x_axis){ ...
R/plotBmProf.R#L655                                          ...
R/plotBmProf.R#L656                                          ...
R/plotBmProf.R#L657                                          ...
R/plotBmProf.R#L658                                          ...
R/plotBmProf.R#L660                                          ...
R/plotBmProf.R#L661                                          ...
R/plotBmProf.R#L662                                          ...
R/plotBmProf.R#L663                                          ...
R/plotBmProf.R#L664   } ...
R/plotBmProf.R#L665    ...
R/plotBmProf.R#L667   # add in label information ...
R/plotBmProf.R#L668   p <- p + labs(title = title, x = xlab, ...
R/plotBmProf.R#L670           axis.title = element_text(size ...
R/plotBmProf.R#L671           axis.text.x = element_text(vju ...
R/plotBmProf.R#L672           axis.title.x = element_text(vj ...
R/plotBmProf.R#L673           axis.title.y.right = element_t ...
R/plotBmProf.R#L675   # resize text in x and y axis ...
R/plotBmProf.R#L676   p <- p + ...
R/plotBmProf.R#L678           axis.text.y.right = element_te ...
R/plotBmProf.R#L679           axis.text.x = element_text(siz ...
R/plotBmProf.R#L682   # if the color is specified ...
R/plotBmProf.R#L683   if(!is.null(motif_color)){ ...
R/plotBmProf.R#L686       stop("the length of color and the  ...
R/plotBmProf.R#L689   } ...
R/plotBmProf.R#L691   # reorganize the ticks length ...
R/plotBmProf.R#L692   p <- p + theme(axis.ticks.length.y = u ...
R/plotBmProf.R#L693                  axis.ticks.length.x = u ...
R/plotBmProf.R#L694                  plot.margin = unit(c(0. ...
R/plotBmProf.R#L695                  panel.spacing.y = unit( ...
R/plotBmProf.R#L697   # replace the legend ...
R/plotBmProf.R#L698   p <- p + theme(legend.box.spacing = un ...
R/plotBmProf.R#L699                  legend.position = legen ...
R/plotBmProf.R#L701   if(interactive){ ...
R/plotBmProf.R#L705                                opts_hove ...
R/plotBmProf.R#L706                                opts_zoom ...
R/plotBmProf.R#L707                                opts_tool ...
R/plotBmProf.R#L709   } ...
R/plotBmProf.R#L711   return(p) ...
R/plotCov.R#L168                                          ...
R/plotCov.R#L169                                          ...
R/plotCov.R#L172                                          ...
R/plotCov.R#L173                                          ...
R/plotCov.R#L186                                        t ...
R/plotCov.R#L223                                          ...
R/plotCov.R#L224                    axis.text.x = element ...
R/plotCov.R#L225                    axis.text.y = element ...
R/plotCov.R#L245                               xmin = tmp ...
R/plotCov.R#L246                               ymin = 0,  ...
R/plotCov.R#L247                               fill = hig ...
R/plotCov.R#L252                               xmin = hig ...
R/plotCov.R#L253                               ymin = 0,  ...
R/plotCov.R#L254                               fill = hig ...
R/plotCov.R#L271                                  Peak2 = ...
R/plotCov.R#L272                                  Cor = p ...
R/plotCov.R#L286                                    peak1 ...
R/plotCov.R#L287                                    peak1 ...
R/plotCov.R#L288                                    peak2 ...
R/plotCov.R#L289                                    peak2 ...
R/plotCov.R#L290                                    peak2 ...
R/plotCov.R#L291                                    score ...
R/plotCov.R#L301                                    curva ...
R/plotCov.R#L307                               axis.text  ...
R/plotCov.R#L308                               axis.ticks ...
R/plotCov.R#L309                               panel.grid ...
R/plotCov.R#L310                               panel.bord ...
R/plotCov.R#L311                               legend.pos ...
R/plotCov.R#L312                               legend.tex ...
R/plotCov.R#L313                               legend.tit ...
R/plotCov.R#L314         ...
R/plotCov.R#L321                        CCC#" ...
R/plotCov.R#L338                        B" ...
R/plotCov.R#L349                                        o ...
R/plotCov.R#L350                                        o ...
R/plotCov.R#L351                                        o ...
R/plotCov.R#L396                           " dosen't cont ...
R/plotCov.R#L397                           lower) ...
R/plotCov.R#L402                    start = start(x), ...
R/plotCov.R#L403                    end   = end(x), ...
R/plotCov.R#L404                    cnt   = get.runValue( ...
R/plotCov.R#L408                    ) ...
R/plotDistToTSS.R#L2   if (length(unique(gsub("^[0-9]+","",c( ...
R/plotDistToTSS.R#L4   } else { ...
R/plotDistToTSS.R#L6   } ...
R/plotDistToTSS.R#L10   lbs = c() ...
R/plotDistToTSS.R#L11    ...
R/plotDistToTSS.R#L12   # break labels ...
R/plotDistToTSS.R#L13   break_labels = scales::label_number(sc ...
R/plotDistToTSS.R#L14   break_labels = gsub(" b$"," bp", break ...
R/plotDistToTSS.R#L16   # category labels ...
R/plotDistToTSS.R#L17   for (i in 2:length(breaks)) { ...
R/plotDistToTSS.R#L19       lbs = c(lbs, paste0(">", break_lab ...
R/plotDistToTSS.R#L21       lbs = c(lbs, merge_two_si(break_la ...
R/plotDistToTSS.R#L23   } ...
R/plotDistToTSS.R#L24    ...
R/plotDistToTSS.R#L25   return(lbs) ...
R/plotDistToTSS.R#L29   # old color in version <= 1.41.1 ...
R/plotDistToTSS.R#L30   old_color = c("#9ecae1", "#3182bd", "# ...
R/plotDistToTSS.R#L31   if (is.null(palette)){ ...
R/plotDistToTSS.R#L33   } else if (length(palette) == 1 && is_ ...
R/plotDistToTSS.R#L35       name = palette,  ...
R/plotDistToTSS.R#L36       n = RColorBrewer::brewer.pal.info[ ...
R/plotDistToTSS.R#L38   } else if (all(is_valid_color(palette) ...
R/plotDistToTSS.R#L40   } ...
R/plotDistToTSS.R#L41   else { ...
R/plotDistToTSS.R#L44   } ...
R/plotDistToTSS.R#L45    ...
R/plotDistToTSS.R#L46   if (length(brewer_cols) >= n) { ...
R/plotDistToTSS.R#L48   } else { ...
R/plotDistToTSS.R#L50   } ...
R/plotDistToTSS.R#L51    ...
R/plotDistToTSS.R#L52   return(cols) ...
R/plotDistToTSS.R#L56   palette %in% rownames(RColorBrewer::br ...
R/plotDistToTSS.R#L60   tryCatch({ ...
R/plotDistToTSS.R#L63   }, error = function(e) { ...
R/plotDistToTSS.R#L65   }) ...
R/plotDistToTSS.R#L104                                      dis ...
R/plotDistToTSS.R#L105                                      dis ...
R/plotDistToTSS.R#L106                                      pal ...
R/plotDistToTSS.R#L107                                      xla ...
R/plotDistToTSS.R#L108                                      yla ...
R/plotDistToTSS.R#L109                                      tit ...
R/plotDistToTSS.R#L110                                      cat ...
R/plotDistToTSS.R#L119                            breaks = dist ...
R/plotDistToTSS.R#L120                            labels = lbs, ...
R/plotDistToTSS.R#L121                            include.lowes ...
R/plotDistToTSS.R#L128       peakDist = peakDist |>  ...
R/plotDistToTSS.R#L132       peakDist = peakDist |>  ...
R/plotGeneTrack.R#L40                           x_text_size =  ...
R/plotGeneTrack.R#L41                           select_gene =  ...
R/plotGeneTrack.R#L42                           highlight = NU ...
R/plotGeneTrack.R#L43                           OrgDb = NULL,  ...
R/plotGeneTrack.R#L48                    ranges = IRanges::IRa ...
R/plotGeneTrack.R#L70                                          ...
R/plotGeneTrack.R#L71                                          ...
R/plotGeneTrack.R#L114                              forward=for ...
R/plotGeneTrack.R#L133                                      lab ...
R/plotGeneTrack.R#L151                               xmin = tmp ...
R/plotGeneTrack.R#L152                               ymin = 0,  ...
R/plotGeneTrack.R#L153                               fill = hig ...
R/plotGeneTrack.R#L158                               xmin = hig ...
R/plotGeneTrack.R#L159                               ymin = 0,  ...
R/plotGeneTrack.R#L160                               fill = hig ...
R/plotMotifProf.R#L42                           x_lab = NULL,  ...
R/plotMotifProf.R#L60                                    motif ...
R/plotMotifProf.R#L61                                    motif ...
R/plotMotifProf.R#L62                                    motif ...
R/plotMotifProf.R#L63                                    motif ...
R/plotMotifProf.R#L67                                       to ...
R/plotMotifProf.R#L68                                          ...
R/plotMotifProf.R#L69                                          ...
R/plotMotifProf.R#L70                                          ...
R/plotMotifProf.R#L71                                          ...
R/plotMotifProf.R#L72                                          ...
R/plotMotifProf.R#L88                                    opts_ ...
R/plotMotifProf.R#L89                                    opts_ ...
R/plotMotifProf.R#L90                                    opts_ ...
R/plotMotifProf.R#L101                                labels =  ...
R/plotMotifProf.R#L103                                labels =  ...
R/plotMotifProf.R#L106                   axis.line.x = element_ ...
R/plotTagMatrix.R#L24       multiple_samplesFlag <- attr(tagMa ...
R/plotTagMatrix.R#L25       # multiple_samplesFlag  ...
R/plotTagMatrix.R#L26       # True multiple samples ...
R/plotTagMatrix.R#L27       # NULL multiple set ...
R/plotTagMatrix.R#L29       if(is.null(multiple_samplesFlag)){ ...
R/plotTagMatrix.R#L33                                          ...
R/plotTagMatrix.R#L34                                          ...
R/plotTagMatrix.R#L35                                          ...
R/plotTagMatrix.R#L36                                          ...
R/plotTagMatrix.R#L37                                          ...
R/plotTagMatrix.R#L38       }else{ ...
R/plotTagMatrix.R#L44           palette <- getPalette(nc) ...
R/plotTagMatrix.R#L46           palette <- rep(palette[1], nc) ...
R/plotTagMatrix.R#L48           palette <- palette ...
R/plotTagMatrix.R#L52           title <- names(tagMatrix) ...
R/plotTagMatrix.R#L54           xlab <- rep(xlab[1], nc) ...
R/plotTagMatrix.R#L57           ylab <- rep(ylab[1], nc) ...
R/plotTagMatrix.R#L60           title <- rep(title[1], nc) ...
R/plotTagMatrix.R#L65           tmp[[i]] <- plotPeakHeatmap_su ...
R/plotTagMatrix.R#L66                                          ...
R/plotTagMatrix.R#L67                                          ...
R/plotTagMatrix.R#L68                                          ...
R/plotTagMatrix.R#L69                                          ...
R/plotTagMatrix.R#L75                        ncol = ncol, ...
R/plotTagMatrix.R#L76                        nrow = nrow) ...
R/plotTagMatrix.R#L78       } ...
R/plotTagMatrix.R#L81       p <- plotPeakHeatmap_sub.internal( ...
R/plotTagMatrix.R#L109                                          ...
R/plotTagMatrix.R#L110                                          ...
R/plotTagMatrix.R#L111                                          ...
R/plotTagMatrix.R#L112                                          ...
R/plotTagMatrix.R#L113                                          ...
R/plotTagMatrix.R#L159    ...
R/plotTagMatrix.R#L183                                       mi ...
R/plotTagMatrix.R#L184                                       hi ...
R/plotTagMatrix.R#L185                                       mi ...
R/plotTagMatrix.R#L186                                       li ...
R/plotTagMatrix.R#L194                                          ...
R/plotTagMatrix.R#L195                           strip.backgrou ...
R/plotTagMatrix.R#L203                   axis.ticks.y=element_b ...
R/plotTagMatrix.R#L204                   axis.line.y = element_ ...
R/plotTagMatrix.R#L205                   panel.grid=element_bla ...
R/plotTagMatrix.R#L206                   panel.background = ele ...
R/plotTagMatrix.R#L207                   plot.title = element_t ...
R/plotTagMatrix.R#L208                   panel.border = element ...
R/plotTagMatrix.R#L209                                          ...
R/plotTagMatrix.R#L210                                          ...
R/plotTagMatrix.R#L248                          xlab="Genomic R ...
R/plotTagMatrix.R#L249                          ylab = "Peak Co ...
R/plotTagMatrix.R#L250                          conf = NULL, ...
R/plotTagMatrix.R#L251                          title = "", ...
R/plotTagMatrix.R#L252                          facet="none",  ...
R/plotTagMatrix.R#L253                          free_y = TRUE, ...
R/plotTagMatrix.R#L254                          statistic_metho ...
R/plotTagMatrix.R#L255                          missingDataAsZe ...
R/plotTagMatrix.R#L256                          ...){ ...
R/plotTagMatrix.R#L262       if (is.null(names(tagMatrix)) ) { ...
R/plotTagMatrix.R#L267       } ...
R/plotTagMatrix.R#L268       facet <- match.arg(facet, c("none" ...
R/plotTagMatrix.R#L269       x_label <- attr(tagMatrix[[1]], 'l ...
R/plotTagMatrix.R#L270       x_label_pos <- attr(tagMatrix[[1]] ...
R/plotTagMatrix.R#L271       dash_pos <- attr(tagMatrix[[1]], ' ...
R/plotTagMatrix.R#L273       listFlag <- TRUE ...
R/plotTagMatrix.R#L275       x_label <- attr(tagMatrix, 'label' ...
R/plotTagMatrix.R#L276       x_label_pos <- attr(tagMatrix, 'la ...
R/plotTagMatrix.R#L277       dash_pos <- attr(tagMatrix, 'dash_ ...
R/plotTagMatrix.R#L287        ...
R/plotTagMatrix.R#L290       xlim <- c(1,ncol(tagMatrix[[1]])) ...
R/plotTagMatrix.R#L291       tagCount <- lapply(tagMatrix, func ...
R/plotTagMatrix.R#L294       tagCount <- list_to_dataframe(tagC ...
R/plotTagMatrix.R#L295       tagCount$.id <- factor(tagCount$.i ...
R/plotTagMatrix.R#L297       Upper <- Lower <- .id <- NULL ...
R/plotTagMatrix.R#L298       p <- ggplot(tagCount, aes(pos, gro ...
R/plotTagMatrix.R#L299       if (!(is.na(conf))) { ...
R/plotTagMatrix.R#L302       } ...
R/plotTagMatrix.R#L304       xlim <- c(1,ncol(tagMatrix)) ...
R/plotTagMatrix.R#L305       tagCount <- getTagCount(tagMatrix, ...
R/plotTagMatrix.R#L306                               statistic_ ...
R/plotTagMatrix.R#L307                               missingDat ...
R/plotTagMatrix.R#L308       p <- ggplot(tagCount, aes(pos)) ...
R/plotTagMatrix.R#L309       if (!(is.na(conf))) { ...
R/plotTagMatrix.R#L312       } ...
R/plotTagMatrix.R#L317               geom_vline(xintercept = da ...
R/plotTagMatrix.R#L318               scale_x_continuous(breaks  ...
R/plotTagMatrix.R#L319                                  labels  ...
R/plotTagMatrix.R#L320               labs(x = xlab, y = ylab, t ...
R/plotTagMatrix.R#L321               theme_bw() +  ...
R/plotTagMatrix.R#L322               theme(legend.title=element ...
R/plotTagMatrix.R#L326       ...
R/plotTagMatrix.R#L330           if (free_y) { ...
R/plotTagMatrix.R#L332           } else { ...
R/plotTagMatrix.R#L334           } ...
R/plotTagMatrix.R#L336           if (free_y) { ...
R/plotTagMatrix.R#L338           } else { ...
R/plotTagMatrix.R#L340           } ...
R/plotTagMatrix.R#L344           p <- p + theme(legend.position ...
R/plotTagMatrix.R#L402        ...
R/plotTagMatrix.R#L403       multiple_samplesFlag <- attr(tagMa ...
R/plotTagMatrix.R#L404       # multiple_samplesFlag  ...
R/plotTagMatrix.R#L405       # True multiple samples ...
R/plotTagMatrix.R#L406       # NULL multiple set ...
R/plotTagMatrix.R#L408       if(is.null(multiple_samplesFlag)){ ...
R/plotTagMatrix.R#L411           title <- "" ...
R/plotTagMatrix.R#L414                                          ...
R/plotTagMatrix.R#L415                                          ...
R/plotTagMatrix.R#L416                                          ...
R/plotTagMatrix.R#L417                                          ...
R/plotTagMatrix.R#L418                                          ...
R/plotTagMatrix.R#L419                                          ...
R/plotTagMatrix.R#L420                                          ...
R/plotTagMatrix.R#L423           prof_p <- plotPeakProf(tagMatr ...
R/plotTagMatrix.R#L424                                  xlab =  ...
R/plotTagMatrix.R#L425                                  ylab =  ...
R/plotTagMatrix.R#L426                                  conf =  ...
R/plotTagMatrix.R#L427                                  statist ...
R/plotTagMatrix.R#L428                                  missing ...
R/plotTagMatrix.R#L429                                  title = ...
R/plotTagMatrix.R#L430                                  facet = ...
R/plotTagMatrix.R#L431                                  free_y  ...
R/plotTagMatrix.R#L432                                  ...) + ...
R/plotTagMatrix.R#L434                               axis.ticks ...
R/plotTagMatrix.R#L436           p <- prof_p %>% insert_bottom( ...
R/plotTagMatrix.R#L438           p <- heapmap_p ...
R/plotTagMatrix.R#L442       }else{ ...
R/plotTagMatrix.R#L449           palette <- getPalette(nc) ...
R/plotTagMatrix.R#L451           palette <- rep(palette[1], nc) ...
R/plotTagMatrix.R#L453           palette <- palette ...
R/plotTagMatrix.R#L457           heapmap_p <- plotPeakHeatmap_s ...
R/plotTagMatrix.R#L458                                          ...
R/plotTagMatrix.R#L459                                          ...
R/plotTagMatrix.R#L460                                          ...
R/plotTagMatrix.R#L461                                          ...
R/plotTagMatrix.R#L462                                          ...
R/plotTagMatrix.R#L463                                          ...
R/plotTagMatrix.R#L464                                          ...
R/plotTagMatrix.R#L465            ...
R/plotTagMatrix.R#L466           if(plot_prof){ ...
R/plotTagMatrix.R#L468                                    xlab  ...
R/plotTagMatrix.R#L469                                    ylab  ...
R/plotTagMatrix.R#L470                                    title ...
R/plotTagMatrix.R#L471                                    conf  ...
R/plotTagMatrix.R#L472                                    stati ...
R/plotTagMatrix.R#L473                                    missi ...
R/plotTagMatrix.R#L474                                    facet ...
R/plotTagMatrix.R#L475                                    free_ ...
R/plotTagMatrix.R#L476                                    ...)+ ...
R/plotTagMatrix.R#L478                               axis.ticks ...
R/plotTagMatrix.R#L481           }else{ ...
R/plotTagMatrix.R#L483           } ...
R/plotTagMatrix.R#L484            ...
R/plotTagMatrix.R#L488           nrow <- 1 ...
R/plotTagMatrix.R#L491                        ncol = ncol, ...
R/plotTagMatrix.R#L492                        nrow = nrow) ...
R/plotTagMatrix.R#L493       } ...
R/plotTagMatrix.R#L498       if(is.null(title)){ ...
R/plotTagMatrix.R#L500       } ...
R/plotTagMatrix.R#L501       heapmap_p <- plotPeakHeatmap_sub(t ...
R/plotTagMatrix.R#L502                                        x ...
R/plotTagMatrix.R#L503                                        y ...
R/plotTagMatrix.R#L504                                        p ...
R/plotTagMatrix.R#L505                                        t ...
R/plotTagMatrix.R#L506                                        f ...
R/plotTagMatrix.R#L507                                        n ...
R/plotTagMatrix.R#L508                                        n ...
R/plotTagMatrix.R#L510       if(plot_prof){ ...
R/plotTagMatrix.R#L512                                xlab = xl ...
R/plotTagMatrix.R#L513                                ylab = "P ...
R/plotTagMatrix.R#L514                                conf = co ...
R/plotTagMatrix.R#L515                                statistic ...
R/plotTagMatrix.R#L516                                missingDa ...
R/plotTagMatrix.R#L517                                title = t ...
R/plotTagMatrix.R#L518                                facet = f ...
R/plotTagMatrix.R#L519                                free_y =  ...
R/plotTagMatrix.R#L520                                ...) + ...
R/plotTagMatrix.R#L522                               axis.ticks ...
R/plotTagMatrix.R#L525       }else{ ...
R/plotTagMatrix.R#L527       } ...
R/plotTagMatrix.R#L528        ...
R/subset.R#L7    ...
R/subset.R#L8   index <- paste(seqnames(x@anno),start( ...
R/subset.R#L9   # subset the GRanges ...
R/subset.R#L10   x@anno <- subset(x@anno, ...) ...
R/subset.R#L11   index2 <- paste(seqnames(x@anno),start ...
R/subset.R#L12    ...
R/subset.R#L13   # the tssRgion, level, hsaGenomicAnnot ...
R/subset.R#L14    ...
R/subset.R#L15   # change the detailGenomicAnnotation ...
R/subset.R#L16   x@detailGenomicAnnotation <- x@detailG ...
R/subset.R#L17    ...
R/subset.R#L18   # change the annotation stat  ...
R/subset.R#L19   x@annoStat <- getGenomicAnnoStat(x@ann ...
R/subset.R#L20    ...
R/subset.R#L21   # change peak number ...
R/subset.R#L22   x@peakNum <-  length(x@anno) ...
R/subset.R#L23    ...
R/subset.R#L24   return(x) ...
R/subset.R#L25    ...
R/tagMatrix.R#L11                          upstream = 1000 ...
R/tagMatrix.R#L12                          downstream = 10 ...
R/tagMatrix.R#L13                          by = "gene") { ...
R/tagMatrix.R#L15   getBioRegion(TxDb = TxDb, ...
R/tagMatrix.R#L16                upstream = upstream, ...
R/tagMatrix.R#L17                downstream = downstream, ...
R/tagMatrix.R#L18                by = by, ...
R/tagMatrix.R#L19                type = "start_site") ...
R/tagMatrix.R#L32   check_extension(upstream = upstream, d ...
R/tagMatrix.R#L34   label <- switch(type, ...
R/tagMatrix.R#L35                   body = c("start_site", ...
R/tagMatrix.R#L36                   start_site = c("start_ ...
R/tagMatrix.R#L37                   end_site = c("end_site ...
R/tagMatrix.R#L39   if(type == "body"){ ...
R/tagMatrix.R#L45       width_range <- abs(start_site - en ...
R/tagMatrix.R#L46       upstream_bp <- width_range * as.nu ...
R/tagMatrix.R#L47       downstream_bp <- width_range * as. ...
R/tagMatrix.R#L48        ...
R/tagMatrix.R#L50       upstream_bp <- upstream ...
R/tagMatrix.R#L51       downstream_bp <- downstream ...
R/tagMatrix.R#L57   }else{ ...
R/tagMatrix.R#L59       coordinate <- ifelse(strand(region ...
R/tagMatrix.R#L61       coordinate <- ifelse(strand(region ...
R/tagMatrix.R#L67    ...
R/tagMatrix.R#L68   } ...
R/tagMatrix.R#L70   bioRegion <- GRanges(seqnames=seqnames ...
R/tagMatrix.R#L71                        ranges=IRanges(ro ...
R/tagMatrix.R#L72                        strand=strand(reg ...
R/tagMatrix.R#L73   bioRegion <- unique(bioRegion)   ...
R/tagMatrix.R#L75   # assign attribute  ...
R/tagMatrix.R#L76   attr(bioRegion, 'type') <- type ...
R/tagMatrix.R#L77   attr(bioRegion, 'by') <- by ...
R/tagMatrix.R#L78   attr(bioRegion, 'label') <- label ...
R/tagMatrix.R#L79   attr(bioRegion, 'upstream') <- upstrea ...
R/tagMatrix.R#L80   attr(bioRegion, 'downstream') <- downs ...
R/tagMatrix.R#L81    ...
R/tagMatrix.R#L82   return(bioRegion) ...
R/tagMatrix.R#L122                          upstream = 1000 ...
R/tagMatrix.R#L123                          downstream = 10 ...
R/tagMatrix.R#L124                          by = "gene", ...
R/tagMatrix.R#L125                          type = "start_s ...
R/tagMatrix.R#L126    ...
R/tagMatrix.R#L127   type <- match.arg(type, c("start_site" ...
R/tagMatrix.R#L129   if(is(TxDb, "GRanges")) { ...
R/tagMatrix.R#L133                          upstream = upst ...
R/tagMatrix.R#L134                          downstream = do ...
R/tagMatrix.R#L135                          by = by,  ...
R/tagMatrix.R#L136                          type = type) ...
R/tagMatrix.R#L138   }else{ ...
R/tagMatrix.R#L141    ...
R/tagMatrix.R#L147       regions <- getGene(TxDb, by) ...
R/tagMatrix.R#L151       exonList <- get_exonList(epiSeeker ...
R/tagMatrix.R#L152       regions <-  unlist(exonList) ...
R/tagMatrix.R#L156       intronList <- get_intronList(epiSe ...
R/tagMatrix.R#L157       regions <- unlist(intronList) ...
R/tagMatrix.R#L161       threeUTRList <- threeUTRsByTranscr ...
R/tagMatrix.R#L162       regions <- unlist(threeUTRList) ...
R/tagMatrix.R#L166       fiveUTRList <- fiveUTRsByTranscrip ...
R/tagMatrix.R#L167       regions <- unlist(fiveUTRList) ...
R/tagMatrix.R#L171       three_URT <- threeUTRsByTranscript ...
R/tagMatrix.R#L172       three_UTR_regions <- unlist(three_ ...
R/tagMatrix.R#L173       five_UTR <- fiveUTRsByTranscript(T ...
R/tagMatrix.R#L174       five_UTR_regions <- unlist(five_UT ...
R/tagMatrix.R#L175       regions <- c(three_UTR_regions,fiv ...
R/tagMatrix.R#L179                          upstream = upst ...
R/tagMatrix.R#L180                          downstream = do ...
R/tagMatrix.R#L181                          by = by,  ...
R/tagMatrix.R#L182                          type = type) ...
R/tagMatrix.R#L184   } ...
R/tagMatrix.R#L186   return(windows) ...
R/tagMatrix.R#L187    ...
R/tagMatrix.R#L238                          upstream = 0, ...
R/tagMatrix.R#L239                          downstream = 0, ...
R/tagMatrix.R#L240                          windows = NULL, ...
R/tagMatrix.R#L241                          type = NULL, ...
R/tagMatrix.R#L242                          by = NULL, ...
R/tagMatrix.R#L243                          TxDb = NULL, ...
R/tagMatrix.R#L244                          weightCol = NUL ...
R/tagMatrix.R#L245                          nbin = NULL, ...
R/tagMatrix.R#L246                          verbose = TRUE, ...
R/tagMatrix.R#L247                          ignore_strand=  ...
R/tagMatrix.R#L249   if(is(peak, "list")){ ...
R/tagMatrix.R#L250       if(is.null(names(peak))){ ...
R/tagMatrix.R#L253       }else{ ...
R/tagMatrix.R#L255       } ...
R/tagMatrix.R#L257       result <- lapply(peak, function(pe ...
R/tagMatrix.R#L260                                      ups ...
R/tagMatrix.R#L261                                      dow ...
R/tagMatrix.R#L262                                      win ...
R/tagMatrix.R#L263                                      typ ...
R/tagMatrix.R#L264                                      by  ...
R/tagMatrix.R#L265                                      TxD ...
R/tagMatrix.R#L266                                      wei ...
R/tagMatrix.R#L267                                      nbi ...
R/tagMatrix.R#L268                                      ver ...
R/tagMatrix.R#L269                                      ign ...
R/tagMatrix.R#L270       }) ...
R/tagMatrix.R#L273       names(result) <- peak_names ...
R/tagMatrix.R#L274       attr(result[[1]], 'multiple_sample ...
R/tagMatrix.R#L275        ...
R/tagMatrix.R#L276   }else{ ...
R/tagMatrix.R#L278       result <- getTagMatrix.internal(pe ...
R/tagMatrix.R#L279                                       up ...
R/tagMatrix.R#L280                                       do ...
R/tagMatrix.R#L281                                       wi ...
R/tagMatrix.R#L282                                       ty ...
R/tagMatrix.R#L283                                       by ...
R/tagMatrix.R#L284                                       Tx ...
R/tagMatrix.R#L285                                       we ...
R/tagMatrix.R#L286                                       nb ...
R/tagMatrix.R#L287                                       ve ...
R/tagMatrix.R#L288                                       ig ...
R/tagMatrix.R#L290   } ...
R/tagMatrix.R#L292   return(result) ...
R/tagMatrix.R#L310                                   upstre ...
R/tagMatrix.R#L311                                   downst ...
R/tagMatrix.R#L312                                   window ...
R/tagMatrix.R#L313                                   type = ...
R/tagMatrix.R#L314                                   by = N ...
R/tagMatrix.R#L315                                   TxDb = ...
R/tagMatrix.R#L316                                   weight ...
R/tagMatrix.R#L317                                   nbin = ...
R/tagMatrix.R#L318                                   verbos ...
R/tagMatrix.R#L319                                   ignore ...
R/tagMatrix.R#L320   peak.gr <- loadPeak(peak) ...
R/tagMatrix.R#L321    ...
R/tagMatrix.R#L322   if (is.null(weightCol)) { ...
R/tagMatrix.R#L324   } else { ...
R/tagMatrix.R#L327   } ...
R/tagMatrix.R#L329   cov.len <- elementNROWS(peak.cov) ...
R/tagMatrix.R#L330   cov.width <- GRanges(seqnames=names(co ...
R/tagMatrix.R#L331                        IRanges(start=rep ...
R/tagMatrix.R#L332                                end=cov.l ...
R/tagMatrix.R#L334   if(is.null(windows)){ ...
R/tagMatrix.R#L336       windows <- getBioRegion(TxDb = TxD ...
R/tagMatrix.R#L337                               upstream = ...
R/tagMatrix.R#L338                               downstream ...
R/tagMatrix.R#L339                               by = by, ...
R/tagMatrix.R#L340                               type = typ ...
R/tagMatrix.R#L341        ...
R/tagMatrix.R#L342       windows <- subsetByOverlaps(window ...
R/tagMatrix.R#L343                               type="with ...
R/tagMatrix.R#L344        ...
R/tagMatrix.R#L345       chr.idx <- intersect(names(peak.co ...
R/tagMatrix.R#L346                            unique(as.cha ...
R/tagMatrix.R#L354           type <- rep(type, length(by)) ...
R/tagMatrix.R#L358           windows[[i]] <- getBioRegion(T ...
R/tagMatrix.R#L359                                        u ...
R/tagMatrix.R#L360                                        d ...
R/tagMatrix.R#L361                                        b ...
R/tagMatrix.R#L362                                        t ...
R/tagMatrix.R#L364           windows[[i]] <- subsetByOverla ...
R/tagMatrix.R#L365                                          ...
R/tagMatrix.R#L366            ...
R/tagMatrix.R#L367           intersect_chr.idx <- intersect ...
R/tagMatrix.R#L368                                          ...
R/tagMatrix.R#L370           chr.idx[[i]] <- unique(unlist( ...
R/tagMatrix.R#L375   }else{ ...
R/tagMatrix.R#L380       raw_windows <- windows ...
R/tagMatrix.R#L381       type <- vector(mode = "character") ...
R/tagMatrix.R#L382       by <- vector(mode = "character") ...
R/tagMatrix.R#L383       for(i in seq_len(length(windows))) ...
R/tagMatrix.R#L386       } ...
R/tagMatrix.R#L387        ...
R/tagMatrix.R#L389       intersect_chr.idx <- list() ...
R/tagMatrix.R#L390       windows <- list() ...
R/tagMatrix.R#L391       chr.idx <- list() ...
R/tagMatrix.R#L393       for(i in seq_along(by)){ ...
R/tagMatrix.R#L396                                          ...
R/tagMatrix.R#L399                                        u ...
R/tagMatrix.R#L403       } ...
R/tagMatrix.R#L404        ...
R/tagMatrix.R#L405       names(windows) <- by ...
R/tagMatrix.R#L408       type <- attr(windows, 'type') ...
R/tagMatrix.R#L409       by <- attr(windows, 'by') ...
R/tagMatrix.R#L410       windows <- subsetByOverlaps(window ...
R/tagMatrix.R#L411                                   type=" ...
R/tagMatrix.R#L412        ...
R/tagMatrix.R#L413       chr.idx <- intersect(names(peak.co ...
R/tagMatrix.R#L414                            unique(as.cha ...
R/tagMatrix.R#L417   } ...
R/tagMatrix.R#L421   if (verbose) { ...
R/tagMatrix.R#L424   } ...
R/tagMatrix.R#L425    ...
R/tagMatrix.R#L427   if(is(windows, "list")){ ...
R/tagMatrix.R#L431       check_windows(windows[[idx]]) ...
R/tagMatrix.R#L432       if(type[idx] == "body"){ ...
R/tagMatrix.R#L434                                  windows ...
R/tagMatrix.R#L435                                  nbin =  ...
R/tagMatrix.R#L436                                  verbose ...
R/tagMatrix.R#L437                                  ignore_ ...
R/tagMatrix.R#L438       }else { ...
R/tagMatrix.R#L439          tmp <- getTagMatrix_site(peak.c ...
R/tagMatrix.R#L440                                   window ...
R/tagMatrix.R#L441                                   chr.id ...
R/tagMatrix.R#L442                                   nbin = ...
R/tagMatrix.R#L443                                   verbos ...
R/tagMatrix.R#L444                                   ignore ...
R/tagMatrix.R#L445       } ...
R/tagMatrix.R#L447       return(tmp) ...
R/tagMatrix.R#L452   }else{ ...
R/tagMatrix.R#L462       }else { ...
R/tagMatrix.R#L463          result <- getTagMatrix_site(pea ...
R/tagMatrix.R#L464                                      win ...
R/tagMatrix.R#L465                                      chr ...
R/tagMatrix.R#L466                                      nbi ...
R/tagMatrix.R#L467                                      ver ...
R/tagMatrix.R#L468                                      ign ...
R/tagMatrix.R#L469       } ...
R/tagMatrix.R#L470   } ...
R/tagMatrix.R#L472   cat(">> done... ", format(Sys.time(),  ...
R/tagMatrix.R#L474   return(result) ...
R/tagMatrix.R#L489                               windows, ...
R/tagMatrix.R#L490                               chr.idx, ...
R/tagMatrix.R#L491                               nbin = NUL ...
R/tagMatrix.R#L492                               verbose =  ...
R/tagMatrix.R#L493                               ignore_str ...
R/tagMatrix.R#L495   # check nbin parameters ...
R/tagMatrix.R#L496   is.binning <- check_bin(nbin, windows, ...
R/tagMatrix.R#L498   peakView <- Views(peak.cov[chr.idx], a ...
R/tagMatrix.R#L499   tagMatrixList <- lapply(peakView, func ...
R/tagMatrix.R#L500    ...
R/tagMatrix.R#L501   tagMatrix <- do.call("rbind", tagMatri ...
R/tagMatrix.R#L502    ...
R/tagMatrix.R#L503   # get the index of windows, that are r ...
R/tagMatrix.R#L504   idx.list <- split(1:length(windows),   ...
R/tagMatrix.R#L505   idx <- do.call("c", idx.list) ...
R/tagMatrix.R#L506    ...
R/tagMatrix.R#L507   rownames(tagMatrix) <- idx ...
R/tagMatrix.R#L508   tagMatrix <- tagMatrix[order(idx),] ...
R/tagMatrix.R#L509    ...
R/tagMatrix.R#L510   # minus strand ...
R/tagMatrix.R#L511   if (!ignore_strand) { ...
R/tagMatrix.R#L514   } ...
R/tagMatrix.R#L515    ...
R/tagMatrix.R#L516   tagMatrix <- tagMatrix[rowSums(tagMatr ...
R/tagMatrix.R#L518    ...
R/tagMatrix.R#L519   if(is.binning){ ...
R/tagMatrix.R#L521   } ...
R/tagMatrix.R#L522    ...
R/tagMatrix.R#L523   # assign attribute  ...
R/tagMatrix.R#L524   upstream <- attr(windows, 'upstream') ...
R/tagMatrix.R#L525   downstream <- attr(windows, 'downstrea ...
R/tagMatrix.R#L527   attr(tagMatrix, 'upstream') <- upstrea ...
R/tagMatrix.R#L528   attr(tagMatrix, 'downstream') <- downs ...
R/tagMatrix.R#L529   attr(tagMatrix, 'label') <- c(paste0(( ...
R/tagMatrix.R#L534    ...
R/tagMatrix.R#L535   if(is.null(nbin)){ ...
R/tagMatrix.R#L537                                          ...
R/tagMatrix.R#L538                                          ...
R/tagMatrix.R#L539                                          ...
R/tagMatrix.R#L540                                          ...
R/tagMatrix.R#L542   }else{ ...
R/tagMatrix.R#L545   } ...
R/tagMatrix.R#L546    ...
R/tagMatrix.R#L547   attr(tagMatrix, 'type') <- attr(window ...
R/tagMatrix.R#L548   attr(tagMatrix, 'by') <- attr(windows, ...
R/tagMatrix.R#L549    ...
R/tagMatrix.R#L550    ...
R/tagMatrix.R#L551   return(tagMatrix) ...
R/tagMatrix.R#L565                               windows, ...
R/tagMatrix.R#L566                               nbin, ...
R/tagMatrix.R#L567                               verbose =  ...
R/tagMatrix.R#L568                               ignore_str ...
R/tagMatrix.R#L570   is.binning <- check_bin(nbin, windows, ...
R/tagMatrix.R#L572   upstream <- attr(windows, 'upstream') ...
R/tagMatrix.R#L573   downstream <- attr(windows, 'downstrea ...
R/tagMatrix.R#L575   windows <- windows[width(windows)>nbin ...
R/tagMatrix.R#L576   chr.idx <- intersect(names(peak.cov), ...
R/tagMatrix.R#L577                        unique(as.charact ...
R/tagMatrix.R#L579   if(upstream == 0 && downstream == 0){ ...
R/tagMatrix.R#L591                "25%", ...
R/tagMatrix.R#L592                "50%", ...
R/tagMatrix.R#L593                "75%", ...
R/tagMatrix.R#L594                attr(windows, 'label')[2] ...
R/tagMatrix.R#L598   }else if(inherits(upstream, "rel")){ ...
R/tagMatrix.R#L618                attr(windows, 'label')[1] ...
R/tagMatrix.R#L619                "25%", ...
R/tagMatrix.R#L620                "50%", ...
R/tagMatrix.R#L621                "75%", ...
R/tagMatrix.R#L622                attr(windows, 'label')[2] ...
R/tagMatrix.R#L623                paste0(downstream_per * 1 ...
R/tagMatrix.R#L628   }else{ ...
R/tagMatrix.R#L644                attr(windows, 'label')[1] ...
R/tagMatrix.R#L645                "25%", ...
R/tagMatrix.R#L646                "50%", ...
R/tagMatrix.R#L647                "75%", ...
R/tagMatrix.R#L648                attr(windows, 'label')[2] ...
R/tagMatrix.R#L649                paste0(downstream, "bp")) ...
R/tagMatrix.R#L658                                          ...
R/tagMatrix.R#L659                                          ...
R/tagMatrix.R#L660                                          ...
R/tagMatrix.R#L663       upstream_per <- 0 ...
R/tagMatrix.R#L664       mt_list[["upstream_tagMatrix"]] <- ...
R/tagMatrix.R#L665       label_position <- c(1, ...
R/tagMatrix.R#L666                           round(nbin * 0 ...
R/tagMatrix.R#L667                           round(nbin * 0 ...
R/tagMatrix.R#L668                           round(nbin * 0 ...
R/tagMatrix.R#L669                           round(nbin), ...
R/tagMatrix.R#L670                           round(nbin * d ...
R/tagMatrix.R#L671       label <- c(attr(windows, 'label')[ ...
R/tagMatrix.R#L672                  "25%", ...
R/tagMatrix.R#L673                  "50%", ...
R/tagMatrix.R#L674                  "75%", ...
R/tagMatrix.R#L675                  attr(windows, 'label')[ ...
R/tagMatrix.R#L676                  paste0(downstream, "bp" ...
R/tagMatrix.R#L677       dash_pos <- c(round(nbin)) ...
R/tagMatrix.R#L680       upstream_windows <- GRanges(seqnam ...
R/tagMatrix.R#L681                                   ranges ...
R/tagMatrix.R#L682                                   strand ...
R/tagMatrix.R#L683       mt_list[["upstream_tagMatrix"]] <- ...
R/tagMatrix.R#L690       downstream_per <- 0 ...
R/tagMatrix.R#L691       mt_list[["downstream_tagMatrix"]]  ...
R/tagMatrix.R#L693       label_position <- c(1, ...
R/tagMatrix.R#L694                           round(nbin * u ...
R/tagMatrix.R#L695                           round(nbin * u ...
R/tagMatrix.R#L696                           round(nbin * u ...
R/tagMatrix.R#L697                           round(nbin * u ...
R/tagMatrix.R#L698                           round(nbin * u ...
R/tagMatrix.R#L699       label <- c(paste0((-1) * upstream, ...
R/tagMatrix.R#L700                  attr(windows, 'label')[ ...
R/tagMatrix.R#L701                  "25%", ...
R/tagMatrix.R#L702                  "50%", ...
R/tagMatrix.R#L703                  "75%", ...
R/tagMatrix.R#L704                  attr(windows, 'label')[ ...
R/tagMatrix.R#L705       dash_pos <- c(round(nbin * upstrea ...
R/tagMatrix.R#L708       downstream_windows <- GRanges(seqn ...
R/tagMatrix.R#L711        ...
R/tagMatrix.R#L712       mt_list[["downstream_tagMatrix"]]  ...
R/tagMatrix.R#L713                                          ...
R/tagMatrix.R#L714                                          ...
R/tagMatrix.R#L715                                          ...
R/tagMatrix.R#L718        ...
R/tagMatrix.R#L720                                        m ...
R/tagMatrix.R#L721                                        m ...
R/tagMatrix.R#L722    ...
R/tagMatrix.R#L723   }  ...
R/tagMatrix.R#L725   # minus strand ...
R/tagMatrix.R#L726   if (!ignore_strand) { ...
R/tagMatrix.R#L729   } ...
R/tagMatrix.R#L730    ...
R/tagMatrix.R#L731   tagMatrix <- tagMatrix[rowSums(tagMatr ...
R/tagMatrix.R#L733   # assign attribute  ...
R/tagMatrix.R#L734   attr(tagMatrix, 'upstream') <- upstrea ...
R/tagMatrix.R#L735   attr(tagMatrix, 'downstream') <- downs ...
R/tagMatrix.R#L736   attr(tagMatrix, 'type') <- attr(window ...
R/tagMatrix.R#L737   attr(tagMatrix, 'by') <- attr(windows, ...
R/tagMatrix.R#L738   attr(tagMatrix, 'label_position') <- l ...
R/tagMatrix.R#L739   attr(tagMatrix, 'label') <- label ...
R/tagMatrix.R#L740   attr(tagMatrix, 'dash_pos')  <- dash_p ...
R/tagMatrix.R#L742   return(tagMatrix) ...
R/tagMatrix.R#L758       if(length((x)) == 1){ ...
R/tagMatrix.R#L760       }else{ ...
R/tagMatrix.R#L762       } ...
R/tagMatrix.R#L766       tagMatrix <- do.call("rbind", tagM ...
R/tagMatrix.R#L768       tagMatrixList1 <- list() ...
R/tagMatrix.R#L769       for(i in seq_len(nrow(tagMatrix))) ...
R/tagMatrix.R#L772           tmp <- bin_vector(tagMatrix[i, ...
R/tagMatrix.R#L773           # extension out of genomic ran ...
R/tagMatrix.R#L774           if(length(tmp) != nbin){ ...
R/tagMatrix.R#L776           }else{ ...
R/tagMatrix.R#L778           } ...
R/tagMatrix.R#L780           tagMatrixList1[[i]] <- vector( ...
R/tagMatrix.R#L782       } ...
R/tagMatrix.R#L784       tagMatrix <- do.call("rbind", tagM ...
R/tagMatrix.R#L788       tagMatrixList1 <- list() ...
R/tagMatrix.R#L789       for(i in seq_along(tagMatrixList)) ...
R/tagMatrix.R#L792               tmp <- bin_vector(x, nbin  ...
R/tagMatrix.R#L793               # extension out of genomic ...
R/tagMatrix.R#L794               if(length(tmp) != nbin){ ...
R/tagMatrix.R#L796               }else{ ...
R/tagMatrix.R#L798               } ...
R/tagMatrix.R#L800               return(vector(mode = "nume ...
R/tagMatrix.R#L804       } ...
R/tagMatrix.R#L806       tagMatrix_list <- lapply(tagMatrix ...
R/tagMatrix.R#L807       tagMatrix <- do.call("rbind",tagMa ...
R/utilities.R#L63              "#fb8072", "#80b1d3", "#fdb ...
R/utilities.R#L64              "#b3de69", "#fccde5", "#d9d ...
R/utilities.R#L65              "#bc80bd", "#ccebc5", "#ffe ...
R/utilities.R#L68              "#ff7f00", "#810f7c", "#a6c ...
R/utilities.R#L69              "#006d2c", "#4d4d4d", "#8c5 ...
R/utilities.R#L70              "#d73027", "#78c679", "#7f0 ...
R/utilities.R#L71              "#41b6c4", "#e7298a", "#542 ...
R/utilities.R#L74               "#33a02c", "#fb9a99", "#e3 ...
R/utilities.R#L75               "#fdbf6f", "#ff7f00", "#ca ...
R/utilities.R#L76               "#6a3d9a", "#ffff99", "#b1 ...
R/utilities.R#L83    ...
R/utilities.R#L84   palette <- c("RdBu", "RdYlGn", "Spectr ...
R/utilities.R#L85                "RdYlBu", "PiYG", "PRGn", ...
R/utilities.R#L86                "PuOr", "BrBG", "RdGy") ...
R/utilities.R#L87    ...
R/utilities.R#L88   palette[1:n] ...
R/utilities.R#L89    ...
R/utilities.R#L173                            ncpus=detectC ...
R/utilities.R#L174                            missingDataAs ...
R/utilities.R#L181                           R = RESAMPLE_T ...
R/utilities.R#L184                           R = RESAMPLE_T ...
R/utilities.R#L256                                   missin ...
R/utilities.R#L286                              mcols(txidi ...
R/utilities.R#L287                              sep="/") ...
R/utilities.R#L362                          ww <- w[ii,] ...
R/utilities.R#L668   breaks <- seq(0, length(vec), length.o ...
R/utilities.R#L669   group_index <- findInterval(seq_along( ...
R/utilities.R#L670   bin_means <- tapply(vec, group_index,  ...
R/utilities.R#L672   return(bin_means) ...
R/utilities.R#L721   parts <- strsplit(peak_str, ":|-")[[1] ...
R/utilities.R#L722   data.frame( ...
R/utilities.R#L726   ) ...
R/utilities.R#L733   ## make the methylation reference from ...
R/utilities.R#L734   methylation_reference <- input@rowRang ...
R/utilities.R#L736   ## add the methylation situation to me ...
R/utilities.R#L737   for (i in input@colData@rownames) { ...
R/utilities.R#L744       command <- paste0("mcols(methylati ...
R/utilities.R#L747       eval(parse(text = command)) ...
R/utilities.R#L757                       i,'_methylation <- ...
R/utilities.R#L761   } ...
R/utilities.R#L763   return(methylation_reference) ...
R/utilities.R#L771   ## make the  reference from bmData obj ...
R/utilities.R#L772   reference <- input@rowRanges ...
R/utilities.R#L774   ## extract the valueNames ...
R/utilities.R#L775   aName <- assayNames(input) ...
R/utilities.R#L777   n0 <- length(aName) ...
R/utilities.R#L779   if(n0 == 1){ ...
R/utilities.R#L783       value <- input@assays@data@listDat ...
R/utilities.R#L785       command <- paste0("mcols(reference ...
R/utilities.R#L787       eval(parse(text = command)) ...
R/utilities.R#L791   }else{ ...
R/utilities.R#L795       aName1 <- aName[1] ...
R/utilities.R#L796       aName2 <- aName[2] ...
R/utilities.R#L798       value1 <- input@assays@data@listDa ...
R/utilities.R#L799       value2 <- input@assays@data@listDa ...
R/utilities.R#L801       command <- paste0("mcols(reference ...
R/utilities.R#L803       eval(parse(text = command)) ...
R/utilities.R#L805       command <- paste0("mcols(reference ...
R/utilities.R#L807       eval(parse(text = command)) ...
R/utilities.R#L811   } ...
R/utilities.R#L813   return(reference) ...
R/utilities.R#L820   if(!is(BSgenome,"BSgenome")){ ...
R/utilities.R#L822   } ...
R/utilities.R#L824   if(is.null(BSgenome)){ ...
R/utilities.R#L826   }else{ ...
R/utilities.R#L832       text <- paste0("package:",BSgenome ...
R/utilities.R#L833       object <- ls(text)[grep("^[^BSgeno ...
R/utilities.R#L834       command <- paste0(BSgenome_name,": ...
R/utilities.R#L835       ## execute the command "pkg::objec ...
R/utilities.R#L836       BSgenome <- eval(parse(text = comm ...
R/utilities.R#L838   } ...
R/utilities.R#L840   return(BSgenome) ...
R/utilities.R#L862   ## detect the strand and motif informa ...
R/utilities.R#L863   dmRregion <- GRanges(seqnames = region ...
R/utilities.R#L864                        ranges = IRanges( ...
R/utilities.R#L867   hits <- findOverlaps(methylation_refer ...
R/utilities.R#L868                        dmRregion, ...
R/utilities.R#L869                        type = "within") ...
R/utilities.R#L871   dmR_melth <- methylation_reference[hit ...
R/utilities.R#L874   ## make the chromosome ...
R/utilities.R#L875   region$chr <- gsub("chr","",region$chr ...
R/utilities.R#L876   region$chr <- as.numeric(region$chr) ...
R/utilities.R#L878   ## detect the positive and negative st ...
R/utilities.R#L879   positive_index <- rep(FALSE,length(dmR ...
R/utilities.R#L881   for(i in motif){ ...
R/utilities.R#L884                                    start ...
R/utilities.R#L885                                    width ...
R/utilities.R#L888                                  functio ...
R/utilities.R#L889                                  FUN.VAL ...
R/utilities.R#L892   } ...
R/utilities.R#L894   negetive_index <- !positive_index ...
R/utilities.R#L896   ## deal with the positive strand ...
R/utilities.R#L897   dmR_melth_positive <- dmR_melth[positi ...
R/utilities.R#L898   strand(dmR_melth_positive) <- "+" ...
R/utilities.R#L900   for(i in motif){ ...
R/utilities.R#L910                              start = dmR ...
R/utilities.R#L911                              width = wid ...
R/utilities.R#L920   } ...
R/utilities.R#L923   ## deal with the negetive strand ...
R/utilities.R#L924   dmR_melth_negetive <- dmR_melth[negeti ...
R/utilities.R#L925   strand(dmR_melth_negetive) <- "-" ...
R/utilities.R#L927   for(i in motif){ ...
R/utilities.R#L937                              end = dmR_m ...
R/utilities.R#L938                              width = wid ...
R/utilities.R#L948   } ...
R/utilities.R#L951   ## combine and reorder the results fro ...
R/utilities.R#L952   dmR_melth <- c(dmR_melth_positive,dmR_ ...
R/utilities.R#L953   dmR_melth <- dmR_melth[order(start(dmR ...
R/utilities.R#L955   ## filtered the unidentified melthylat ...
R/utilities.R#L956   dmR_melth <- dmR_melth[which(!is.na(mc ...
R/utilities.R#L958   return(dmR_melth) ...
R/utilities.R#L968   ## split the motif ...
R/utilities.R#L969   motif_list <- as.list(strsplit(motif,s ...
R/utilities.R#L971   ## check the character in the motif ...
R/utilities.R#L972   legal_character <- c("R","Y","M","K", ...
R/utilities.R#L973                        "S","W","H","B", ...
R/utilities.R#L974                        "V","D","N","A", ...
R/utilities.R#L975                        "T","G","C") ...
R/utilities.R#L977   if(!all(unlist(motif_list) %in% legal_ ...
R/utilities.R#L979   } ...
R/utilities.R#L981   ## make the connection between degener ...
R/utilities.R#L982   converted_motif <- lapply(motif_list,  ...
R/utilities.R#L985       return("[AG]") ...
R/utilities.R#L989       return("[CT]") ...
R/utilities.R#L993       return("[AC]") ...
R/utilities.R#L997       return("[GT]") ...
R/utilities.R#L1001       return("[GC]") ...
R/utilities.R#L1005       return("[AT]") ...
R/utilities.R#L1009       return("[ATC]") ...
R/utilities.R#L1013       return("[GTC]") ...
R/utilities.R#L1017       return("[GAC]") ...
R/utilities.R#L1021       return("[GAT]") ...
R/utilities.R#L1025       return("[ATGC]") ...
R/utilities.R#L1029       return("A") ...
R/utilities.R#L1033       return("T") ...
R/utilities.R#L1037       return("G") ...
R/utilities.R#L1041       return("C") ...
R/utilities.R#L1044   }) ...
R/utilities.R#L1047   ## create the regex pattern ...
R/utilities.R#L1048   regex <- paste0(unlist(converted_motif ...
R/utilities.R#L1050   return(regex) ...
R/utilities.R#L1060   ## split the motif ...
R/utilities.R#L1061   motif_list <- rev(as.list(strsplit(mot ...
R/utilities.R#L1063   ## check the character in the motif ...
R/utilities.R#L1064   legal_character <- c("R","Y","M","K", ...
R/utilities.R#L1065                        "S","W","H","B", ...
R/utilities.R#L1066                        "V","D","N","A", ...
R/utilities.R#L1067                        "T","G","C") ...
R/utilities.R#L1069   if(!all(unlist(motif_list) %in% legal_ ...
R/utilities.R#L1071   } ...
R/utilities.R#L1073   ## make the connection between degener ...
R/utilities.R#L1074   converted_motif <- lapply(motif_list,  ...
R/utilities.R#L1078       return("[TC]") ...
R/utilities.R#L1083       return("[GA]") ...
R/utilities.R#L1088       return("[TG]") ...
R/utilities.R#L1093       return("[CA]") ...
R/utilities.R#L1098       return("[CG]") ...
R/utilities.R#L1103       return("[TA]") ...
R/utilities.R#L1108       return("[TAG]") ...
R/utilities.R#L1113       return("[CAG]") ...
R/utilities.R#L1118       return("[CTG]") ...
R/utilities.R#L1123       return("[CTA]") ...
R/utilities.R#L1128       return("[TAGC]") ...
R/utilities.R#L1133       return("T") ...
R/utilities.R#L1138       return("A") ...
R/utilities.R#L1143       return("C") ...
R/utilities.R#L1148       return("G") ...
R/utilities.R#L1151   }) ...
R/utilities.R#L1153   ## create the regex pattern ...
R/utilities.R#L1154   regex <- paste0(unlist(converted_motif ...
R/utilities.R#L1156   return(regex) ...
R/utilities.R#L1163   if(is.null(valueNames)){ ...
R/utilities.R#L1165   } ...
R/utilities.R#L1167   ## check the coordination of valueName ...
R/utilities.R#L1168   if (length(valueNames) != n0) { ...
R/utilities.R#L1170   } ...
R/utilities.R#L1172   return(valueNames) ...
R/utilities.R#L1179   n0 <- length(data) ...
R/utilities.R#L1180   if(!is.null(names(data)) && !any(is.na ...
R/utilities.R#L1182   } ...
R/utilities.R#L1184   if(is.null(sampleNames)){ ...
R/utilities.R#L1187   } ...
R/utilities.R#L1189   if(length(data) != length(sampleNames) ...
R/utilities.R#L1191   } ...
R/utilities.R#L1193   return(sampleNames) ...
R/utilities.R#L1200   variables_names <- colnames(data[[1]]) ...
R/utilities.R#L1202   tmp <- unlist(lapply(data, function(x) ...
R/utilities.R#L1204       return(TRUE) ...
R/utilities.R#L1208   })) ...
R/utilities.R#L1210   if(any(tmp)){ ...
R/utilities.R#L1212   }else{ ...
R/utilities.R#L1214   } ...
R/vennpie.R#L3                            r = 0.2,  ...
R/vennpie.R#L4                            cex = 1.2, ...
R/vennpie.R#L5                            col = NULL) { ...
R/vennpie.R#L24               Intron='#fc9272', Exon='#9 ...
R/vennpie.R#L25               Downstream='#fee0d2', Dist ...
R/vennpie.R#L44                  radius=4*r, ...
R/vennpie.R#L45                  startpos=pi/2, ...
R/vennpie.R#L46                  col=cols[c("Exon", "NO" ...
R/vennpie.R#L47                  border=NA) ...
R/vennpie.R#L54                  radius=3*r, ...
R/vennpie.R#L55                  startpos=pi/2, ...
R/vennpie.R#L56                  col=cols[c("NO", "Intro ...
R/vennpie.R#L57                      "NO", "Upstream")], ...
R/vennpie.R#L58                  border=NA) ...
R/vennpie.R#L61                  radius=2*r, ...
R/vennpie.R#L62                  startpos=pi/2, ...
R/vennpie.R#L63                  col=cols[c("Genic", "In ...
R/vennpie.R#L64                  border=NA) ...
R/vennpie.R#L68            fill=cols[-1], bty="n", cex=c ...
R/zzz.R#L3   packageStartupMessage(yulab_msg(pkgnam ...
R/zzz.R#L5   options(epiSeeker.downstreamDistance = ...
R/zzz.R#L6   options(epiSeeker.ignore_1st_exon = FA ...
R/zzz.R#L7   options(epiSeeker.ignore_1st_intron =  ...
R/zzz.R#L8   options(epiSeeker.ignore_downstream =  ...
R/zzz.R#L9   options(epiSeeker.ignore_promoter_subc ...
R/zzz.R#L10    ...
R/zzz.R#L11   options(aplot_align = 'y') ...
vignettes/epiSeeker.rmd#L26                       warning      = FAL ...
vignettes/epiSeeker.rmd#L27                       message      = FAL ...
vignettes/epiSeeker.rmd#L162            AAAB ...
vignettes/epiSeeker.rmd#L163            AAAB ...
vignettes/epiSeeker.rmd#L164            CCC#" ...
vignettes/epiSeeker.rmd#L167                   chrs = "chr8", title = ...
vignettes/epiSeeker.rmd#L168                   xlim = c(126712193, 12 ...
vignettes/epiSeeker.rmd#L169                   xlab = "", fill_col =  ...
vignettes/epiSeeker.rmd#L170                   legend_position = 'non ...
vignettes/epiSeeker.rmd#L171                   add_cluster_tree = TRU ...
vignettes/epiSeeker.rmd#L172                   add_coaccess = TRUE, ...
vignettes/epiSeeker.rmd#L173                   design = design) ...
vignettes/epiSeeker.rmd#L185   theme(legend.position = "inside", ...
vignettes/epiSeeker.rmd#L244                              type = "sta ...
vignettes/epiSeeker.rmd#L255   ![](figures/tssTagMatrix.png) ...
vignettes/epiSeeker.rmd#L264   ![](figures/tssTagMatrix_prof.png) ...
vignettes/epiSeeker.rmd#L273                                   weight ...
vignettes/epiSeeker.rmd#L274                                   nbin = ...
vignettes/epiSeeker.rmd#L275                                   type = ...
vignettes/epiSeeker.rmd#L276                                   TxDb = ...
vignettes/epiSeeker.rmd#L285   ![](figures/tssTagMatrix_bin.png) ...
vignettes/epiSeeker.rmd#L293                                   upstre ...
vignettes/epiSeeker.rmd#L294                                   weight ...
vignettes/epiSeeker.rmd#L295                                   by = " ...
vignettes/epiSeeker.rmd#L308                                       up ...
vignettes/epiSeeker.rmd#L309                                       we ...
vignettes/epiSeeker.rmd#L310                                       by ...
vignettes/epiSeeker.rmd#L327                                          ...
vignettes/epiSeeker.rmd#L328                                          ...
vignettes/epiSeeker.rmd#L329                                          ...
vignettes/epiSeeker.rmd#L330                                          ...
vignettes/epiSeeker.rmd#L346                                   upstre ...
vignettes/epiSeeker.rmd#L347                                   type = ...
vignettes/epiSeeker.rmd#L348                                   TxDb = ...
vignettes/epiSeeker.rmd#L366                                          ...
vignettes/epiSeeker.rmd#L367                                          ...
vignettes/epiSeeker.rmd#L368                                          ...
vignettes/epiSeeker.rmd#L415               end_pos = 128412193, OrgDb ...
vignettes/epiSeeker.rmd#L421               end_pos = 128412193, OrgDb ...
vignettes/epiSeeker.rmd#L422               select_gene = c("PCAT1","C ...
vignettes/epiSeeker.rmd#L446                                          ...
vignettes/epiSeeker.rmd#L447                               pwm = pwm_ ...
vignettes/epiSeeker.rmd#L457                          TxDb=txdb, anno ...
vignettes/epiSeeker.rmd#L472                              TxDb=edb, a ...
vignettes/epiSeeker.rmd#L560               title="Distribution of tra ...
vignettes/epiSeeker.rmd#L611                        tssRegion=c(-3000 ...
vignettes/epiSeeker.rmd#L637                          fun           = ...
vignettes/epiSeeker.rmd#L638                          pvalueCutoff  = ...
vignettes/epiSeeker.rmd#L639                          pAdjustMethod = ...
vignettes/epiSeeker.rmd#L669              ranges=IRanges(start=c(1, 1 ...
vignettes/epiSeeker.rmd#L684                   targetPeak    = unlist ...
vignettes/epiSeeker.rmd#L685                   TxDb          = txdb, ...
vignettes/epiSeeker.rmd#L686                   pAdjustMethod = "BH", ...
vignettes/epiSeeker.rmd#L687                   nShuffle      = 50, ...
vignettes/epiSeeker.rmd#L688                   chainFile     = NULL, ...
vignettes/epiSeeker.rmd#L689                   verbose       = FALSE, ...
vignettes/epiSeeker.rmd#L690                   mc.cores      = 1) ...
Checking if package already exists in CRAN... OK
Checking for bioc-devel mailing list subscription...
Cannot determine whether maintainer is subscribed to the Bioc-Devel mailing list (requires admin credentials). Subscribe here: https://stat.ethz.ch/mailman/listinfo/bioc-devel
Checking for support site registration... OK
